"","Compound","CAS","logP","pKa_Accept","pKa_Donor","MW","Human.Clint","Human.Clint.pValue","Human.Funbound.plasma","DSSTox_Substance_Id","Structure_Formula","Substance_Type"
"1","2,2-bis(4-hydroxyphenyl)-1,1,1-trichloroethane (hpte)","2971-36-0",4.55,NA,"9.97,10.01",317.589996337891,136.5,3.57e-05,0.005,"DTXSID8022325","C14H11Cl3O2","Single Compound"
"2","2,4-d","94-75-7",2.81,NA,"2.81",221.029998779297,0,0.149,0.04,"DTXSID0020442","C8H6Cl2O3","Single Compound"
"3","2,4-db","94-82-6",3.53,NA,"4.5",249.089996337891,0,0.104,0.01,"DTXSID7024035","C10H10Cl2O3","Single Compound"
"4","2-phenylphenol","90-43-7",3.09,NA,"10.6",170.210998535156,2.08,0.164,0.04,"DTXSID2021151","C12H10O","Single Compound"
"5","6-desisopropylatrazine","1007-28-9",1.15,"1.59",NA,173.600006103516,0,0.539,0.46,"DTXSID0037495","C5H8ClN5","Single Compound"
"6","Abamectin","71751-41-2",4.48,NA,"13.4",819.01,5.24,0.000917,0.07,"DTXSID8023892",NA,"Mixture/Formulation"
"7","Acephate","30560-19-1",-0.85,NA,"7.89",183.160003662109,0,0.000143,0.87,"DTXSID8023846","C4H10NO3PS","Single Compound"
"8","Acetamiprid","135410-20-7",2.55,"0.354",NA,222.679992675781,0,0.998,0.57,"DTXSID0034300","C10H11ClN4","Single Compound"
"9","Acetochlor","34256-82-1",4.13999991675102,NA,NA,269.769989013672,84.71,0.0189,0.16,"DTXSID8023848","C14H20ClNO2","Single Compound"
"10","Acifluorfen","50594-66-6",4.55000001317819,NA,"2.03",361.660003662109,1.77,0.0175,0.005,"DTXSID0020022","C14H7ClF3NO5","Single Compound"
"11","Alachlor","15972-60-8",3.58999983814159,NA,NA,269.769989013672,62.9,0.000388,0.13,"DTXSID1022265","C14H20ClNO2","Single Compound"
"12","Aldicarb","116-06-3",1.13,NA,"10.7",190.259994506836,0.75,0.329,0.48,"DTXSID0039223","C7H14N2O2S","Single Compound"
"13","Ametryn","834-12-8",2.60000308662774,"5.74",NA,227.330001831055,31.51,5.97e-11,0.005,"DTXSID1023869","C9H17N5S","Single Compound"
"14","Amitraz","33089-61-1",5.5,"0.584696,8.618201",NA,293.414001464844,19.3,0.000859,0.005,"DTXSID5023871","C19H23N3","Single Compound"
"15","Anilazine","101-05-3",3.88,NA,"11.6",275.519989013672,22.5,2.95e-07,0.005,"DTXSID9020089","C9H5Cl3N4","Single Compound"
"16","Atrazine","1912-24-9",2.61,"1.22",NA,215.690002441406,6.21,0.0537,0.12,"DTXSID9020112","C8H14ClN5","Single Compound"
"17","Azinphos-methyl","86-50-0",2.75,"2.28",NA,317.320007324219,32.63,0.0113,0.21,"DTXSID3020122","C10H12N3O3PS2","Single Compound"
"18","Azoxystrobin","131860-33-8",2.5,NA,NA,403.394012451172,32.39,5e-15,0.05,"DTXSID0032520","C22H17N3O5","Single Compound"
"19","Bendiocarb","22781-23-3",1.7,NA,"11.3",223.227996826172,21.66,3.36e-11,0.2,"DTXSID9032327","C11H13NO4","Single Compound"
"20","Benfluralin","1861-40-1",5.29,NA,NA,335.282989501953,17.34,6.76e-06,0.005,"DTXSID3023899","C13H16F3N3O4","Single Compound"
"21","Benomyl","17804-35-2",2.12,"1.44","7.3",290.322998046875,56.69,0.00108,0.005,"DTXSID5023900","C14H18N4O3","Single Compound"
"22","Bensulfuron-methyl","83055-99-6",2.18,NA,"3.809742,10.01251",410.399993896484,10.26,9.45e-10,0.005,"DTXSID7024164","C16H18N4O7S","Single Compound"
"23","Bensulide","741-58-2",3.44999954831097,"10.18",NA,397.5,250.3,0.00089,0.01,"DTXSID9032329","C14H24NO4PS3","Single Compound"
"24","Bentazone","25057-89-0",0.75966784468963,"8.02",NA,240.279998779297,0,0.0121,0.02,"DTXSID0023901","C10H12N2O3S","Single Compound"
"25","Bifenazate","149877-41-8",4.14,NA,"7.17",300.358001708984,41.15,6.54e-10,0.84,"DTXSID5032525","C17H20N2O3","Single Compound"
"26","Bifenthrin","82657-04-3",8.15,NA,NA,422.87,6.74,8.22e-06,0.005,"DTXSID9020160","C23H22ClF3O2","Mixture of Stereoisomers"
"27","Bisphenol-a","80-05-7",4.03999992231135,NA,"9.78,10.39",228.291000366211,19.29,0.000229,0.07,"DTXSID7020182","C15H16O2","Single Compound"
"28","Boscalid","188425-85-6",4.92000001508836,NA,"10.7",343.209991455078,17.28,3.48e-11,0.03,"DTXSID6034392","C18H12Cl2N2O","Single Compound"
"29","Bromacil","314-40-9",2.11,NA,"8.13",261.118988037109,0,0.199,0.09,"DTXSID4022020","C9H13BrN2O2","Single Compound"
"30","Bromoxynil","1689-84-5",3.39,NA,"4.69",276.915008544922,7.87,8.29e-06,0.5,"DTXSID3022162","C7H3Br2NO","Single Compound"
"31","Buprofezin","69327-76-0",4.3,"6.62",NA,305.440002441406,18.47,0.00505,0.005,"DTXSID8034401","C16H23N3OS","Single Compound"
"32","Butachlor","23184-66-9",4.5,NA,NA,311.850006103516,100.8,0.00218,0.005,"DTXSID3034402","C17H26ClNO2","Single Compound"
"33","Butralin","33629-47-9",4.93,NA,NA,295.338989257812,31.35,1.93e-05,0.005,"DTXSID3032337","C14H21N3O4","Single Compound"
"34","Butylate","2008-41-5",4.15,NA,NA,217.369995117188,52.51,0.000398,0.005,"DTXSID7023936","C11H23NOS","Single Compound"
"35","Cacodylic acid","75-60-5",0.36,NA,"5.75",137.998001098633,0.2,0.882,0.91,"DTXSID7020508","C2H7AsO2","Single Compound"
"36","Carbaryl","63-25-2",2.45999525604739,NA,"14.77",201.225006103516,27.27,1.67e-08,0.69,"DTXSID9020247","C12H11NO2","Single Compound"
"37","Carboxin","5234-68-4",2.14,NA,"13.4",235.300003051758,24.41,0.00115,0.18,"DTXSID0023951","C12H13NO2S","Single Compound"
"38","Chlorethoxyfos","54593-83-8",4.59,NA,NA,335.980010986328,0,0.639,0.005,"DTXSID2032344","C6H11Cl4O3PS","Single Compound"
"39","Chloridazon","1698-60-8",1.10991586302379,NA,NA,221.639999389648,1.87,0.104,0.43,"DTXSID3034872","C10H8ClN3O","Single Compound"
"40","Chloroneb","2675-77-6",3.44,NA,NA,207.050003051758,6.31,0.000978,0.58,"DTXSID2024793","C8H8Cl2O2","Single Compound"
"41","Chlorpropham","101-21-3",3.8999998716658,NA,"5.22",213.660003662109,43.83,0.116,0.005,"DTXSID7020764","C10H12ClNO2","Single Compound"
"42","Chlorpyrifos-methyl","5598-13-0",4.31,NA,NA,322.519989013672,12.82,7.34e-05,0.005,"DTXSID6032352","C7H7Cl3NO3PS","Single Compound"
"43","Cinmethylin","87818-31-3",4.62,NA,NA,274.397857666016,28.17,1.27e-05,0.005,"DTXSID3034456","C18H26O2","Mixture of Stereoisomers"
"44","Clofentezine","74115-24-5",3.1,NA,NA,303.149993896484,5.43,2.48e-06,0.005,"DTXSID9023881","C14H8Cl2N4","Single Compound"
"45","Clomazone","81777-89-1",2.5,NA,NA,239.699996948242,3.04,5.3e-06,0.17,"DTXSID1032355","C12H14ClNO2","Single Compound"
"46","Cloprop","101-10-0",2.39,NA,"3.63",200.619995117188,0,0.544,0.02,"DTXSID9034232","C9H9ClO3","Mixture of Stereoisomers"
"47","Clorophene","120-32-1",3.6,NA,"9.92",218.679992675781,5,0.0156,0.005,"DTXSID5020154","C13H11ClO","Single Compound"
"48","Clothianidin","210880-92-5",0.64,NA,"10.7",249.669998168945,10.73,0.0102,0.51,"DTXSID2034465","C6H8ClN5O2S","Single Compound"
"49","Coumaphos","56-72-4",4.13,NA,NA,362.760009765625,27.88,0.0011,0.005,"DTXSID2020347","C14H16ClO5PS","Single Compound"
"50","Cyanazine","21725-46-2",2.22,"0.774","11.9",240.699996948242,3.16,0.0533,0.32,"DTXSID1023990","C9H13ClN6","Single Compound"
"51","Cyclanilide","113136-77-9",2.42000528495905,NA,"3.56,12.61",274.100006103516,0.34,0.522,0.98,"DTXSID5032600","C11H9Cl2NO3","Single Compound"
"52","Cycloate","1134-23-2",3.88,NA,NA,215.360000610352,34.48,4.36e-05,0.005,"DTXSID6032356","C11H21NOS","Single Compound"
"53","Cyproconazole","94361-06-5",2.85000258609246,"2.26","13.34",291.78,1.54,0.0229,0.11,"DTXSID0032601","C15H18ClN3O","Mixture of Stereoisomers"
"54","Cyprodinil","121552-61-2",3.20999997392885,"3.63","13.63",225.294998168945,37.77,0.000479,0.005,"DTXSID1032359","C14H15N3","Single Compound"
"55","Cyromazine","66215-27-8",0.96,"5.5",NA,166.188003540039,0,0.478,0.94,"DTXSID6023999","C6H10N6","Single Compound"
"56","D-cis,trans-allethrin","584-79-2",4.78,NA,NA,302.414001464844,2.59,0.204,0.29,"DTXSID8035180","C19H26O3","Mixture of Stereoisomers"
"57","Dazomet","533-74-4",0.63,"6.12",NA,162.270004272461,12.42,0.0302,0.89,"DTXSID7024902","C5H10N2S2","Single Compound"
"58","Diazinon","333-41-5",3.81,"3.72",NA,304.339996337891,52.31,3.9e-11,0.005,"DTXSID9020407","C12H21N2O3PS","Single Compound"
"59","Diazoxon","962-58-3",3.3799994715285,"3.8",NA,288.283996582031,34.62,0.00508,0.33,"DTXSID5037523","C12H21N2O4P","Single Compound"
"60","Dicamba","1918-00-9",2.21,NA,"2.59",221.029998779297,0.65,0.187,0.18,"DTXSID4024018","C8H6Cl2O3","Single Compound"
"61","Dichlobenil","1194-65-6",3.04000071447332,NA,NA,172.009994506836,7.04,0.166,0.06,"DTXSID5032365","C7H3Cl2N","Single Compound"
"62","Dichloran","99-30-9",2.8,NA,NA,207.009994506836,4.43,0.151,0.005,"DTXSID2020426","C6H4Cl2N2O2","Single Compound"
"63","Dichlorprop","120-36-5",3.43,NA,"3.53",235.059997558594,2.23,0.0822,0.01,"DTXSID0020440","C9H8Cl2O3","Single Compound"
"64","Diclofop-methyl","51338-27-3",4.62,NA,NA,341.179992675781,6.45,0.411,0.005,"DTXSID0032605","C16H14Cl2O4","Single Compound"
"65","Diclosulam","145701-21-9",3.51,"3.65","8.7",406.209991455078,3.44,5.66e-06,0.01,"DTXSID4034528","C13H10Cl2FN5O3S","Single Compound"
"66","Dicofol","115-32-2",5.02,NA,"11.6",370.480010986328,4.92,0.000712,0.005,"DTXSID4020450","C14H9Cl5O","Single Compound"
"67","Dicrotophos","141-66-2",0,"1",NA,237.192001342773,1.89,0.0919,0.85,"DTXSID9023914","C8H16NO5P","Single Compound"
"68","Diethyltoluamide","134-62-3",2.18,"0.924",NA,191.274002075195,3.8,5.47e-05,0.36,"DTXSID2021995","C12H17NO","Single Compound"
"69","Difenoconazole","119446-68-3",4.3,"0.955",NA,406.260009765625,24.21,3.16e-10,0.005,"DTXSID4032372","C19H17Cl2N3O3","Single Compound"
"70","Difenzoquat metilsulfate","43222-48-6",0.65,NA,NA,360.429992675781,0,0.641,0.85,"DTXSID6024048","C18H20N2O4S","Single Compound"
"71","Dimethenamid","87674-68-8",2.91999803096402,NA,NA,275.790008544922,19.92,9.76e-12,0.23,"DTXSID4032376","C12H18ClNO2S","Mixture of Stereoisomers"
"72","Dimethoate","60-51-5",0.78,NA,"12.6",229.25,3.68,0.00243,0.96,"DTXSID7020479","C5H12NO3PS2","Single Compound"
"73","Dimethomorph","110488-70-5",2.68,NA,NA,387.859985351562,20.3,3e-08,0.09,"DTXSID7034545","C21H22ClNO4","Mixture of Stereoisomers"
"74","Dimethyl phthalate","131-11-3",1.6,NA,NA,194.186004638672,22.26,0.204,0.66,"DTXSID3022455","C10H10O4","Single Compound"
"75","Diniconazole","83657-24-3",4.3,"0.1454721,13.78689","0.1454721,13.78689",326.220001220703,2.59,0.093,0.02,"DTXSID2040363","C15H17Cl2N3O","Single Compound"
"76","Diphenylamine","122-39-4",3.41000071254346,"0.78",NA,169.227005004883,64.57,0.0265,0.005,"DTXSID4021975","C12H11N","Single Compound"
"77","Disulfoton","298-04-4",4.02,NA,NA,274.390014648438,58.02,0.000332,0.005,"DTXSID0022018","C8H19O2PS3","Single Compound"
"78","Dithiopyr","97886-45-8",5.77000000342543,NA,NA,401.410003662109,13.25,4.24e-05,0.005,"DTXSID9032379","C15H16F5NO2S2","Single Compound"
"79","Diuron","330-54-1",2.52999467306914,NA,"13.18",233.089996337891,12.15,0.00231,0.16,"DTXSID0020446","C9H10Cl2N2O","Single Compound"
"80","Endosulfan","115-29-7",3.83000001580742,NA,NA,406.899993896484,4.98,0.114,0.005,"DTXSID1020560","C9H6Cl6O3S","Single Compound"
"81","Eptc","759-94-4",3.21,NA,NA,189.320007324219,80.36,1.46e-06,0.005,"DTXSID1024091","C9H19NOS","Single Compound"
"82","Esfenvalerate","66230-04-4",6.22,NA,"13.9",419.910003662109,4.98,0.323,0.005,"DTXSID4032667","C25H22ClNO3","Single Compound"
"83","Ethalfluralin","55283-68-6",5.11,NA,NA,333.266998291016,3.03,0.505,0.005,"DTXSID8032386","C13H14F3N3O4","Single Compound"
"84","Ethametsulfuron methyl","97780-06-8",1.59,"9.82","2.724052,9.822917",410.410003662109,1.08,0.258,0.02,"DTXSID9034573","C15H18N6O6S","Single Compound"
"85","Ethofumesate","26225-79-6",2.34000761799667,NA,NA,286.339996337891,17.64,6.13e-05,0.13,"DTXSID8034580","C13H18O5S","Single Compound"
"86","Ethoprop","13194-48-4",3.22000080928666,NA,NA,242.330001831055,20.95,1.87e-07,0.09,"DTXSID4032611","C8H19O2PS2","Single Compound"
"87","Etoxazole","153233-91-1",5.61999999638461,"0.74",NA,359.4169921875,18.48,0.0163,0.005,"DTXSID8034586","C21H23F2NO2","Single Compound"
"88","Etridiazole","2593-15-9",3.37,NA,NA,247.520004272461,126.99,0.00286,0.005,"DTXSID3032547","C5H5Cl3N2OS","Single Compound"
"89","Fenamidone","161326-34-7",3.45,NA,NA,311.399993896484,17.74,9.21e-11,0.02,"DTXSID2034590","C17H17N3OS","Single Compound"
"90","Fenamiphos","22224-92-6",3.23,NA,NA,303.359985351562,62.11,0.00763,0.04,"DTXSID3024102","C13H22NO3PS","Single Compound"
"91","Fenarimol","60168-88-9",3.9200001195157,"1.04","12.13",331.200012207031,3.79,0.0078,0.04,"DTXSID2032390","C17H12Cl2N2O","Single Compound"
"92","Fenbuconazole","114369-43-6",4.34999997311882,"2.27",NA,336.820007324219,11.19,1.05e-07,0.005,"DTXSID8032548","C19H17ClN4","Single Compound"
"93","Fenhexamid","126833-17-8",3.51,NA,"7.06091,12.03284",302.200012207031,35.27,9.38e-12,0.06,"DTXSID3032549","C14H17Cl2NO2","Single Compound"
"94","Fenitrothion","122-14-5",3.3,NA,NA,277.230010986328,10.02,1.36e-05,0.005,"DTXSID4032613","C9H12NO5PS","Single Compound"
"95","Fenoxaprop-ethyl","66441-23-4",4.58,NA,NA,361.779998779297,54.93,0.242,0.005,"DTXSID2032392","C18H16ClNO5","Mixture of Stereoisomers"
"96","Fenoxycarb","72490-01-8",4.3,NA,"10.2",301.342010498047,23.1,0.00693,0.005,"DTXSID7032393","C17H19NO4","Single Compound"
"97","Fenthion","55-38-9",4.09,NA,NA,278.320007324219,87.2,3.71e-07,0.005,"DTXSID8020620","C10H15O3PS2","Single Compound"
"98","Fentin ","76-87-9",3.53,NA,NA,367.035003662109,7.75,0.13,0.005,"DTXSID1021409","C18H16OSn","Single Compound"
"99","Fipronil","120068-37-3",4,NA,NA,437.140014648438,1.37,0.278,0.005,"DTXSID4034609","C12H4Cl2F6N4OS","Single Compound"
"100","Fluazifop-p-butyl","79241-46-6",4.5,NA,NA,383.367004394531,234.42,0.00746,0.005,"DTXSID0034855","C19H20F3NO4","Single Compound"
"101","Fluazinam","79622-59-6",4.01,"9.16",NA,465.089996337891,24.76,4.15e-07,0.005,"DTXSID7032551","C13H4Cl2F6N4O4","Single Compound"
"102","Fludioxonil","131341-86-1",3.56999973220395,NA,"14.66",248.188995361328,37.05,7.44e-15,0.005,"DTXSID2032398","C12H6F2N2O2","Single Compound"
"103","Flufenacet","142459-58-3",3.22000080928666,NA,"12.58",363.329986572266,29,9.4e-11,0.14,"DTXSID2032552","C14H13F4N3O2S","Single Compound"
"104","Flumetralin","62924-70-3",5.45,NA,NA,421.730010986328,0,0.438,0.005,"DTXSID7032553","C16H12ClF4N3O4","Single Compound"
"105","Flumetsulam","98967-40-9",1.5,NA,NA,325.290008544922,7.52,2.17e-07,0.02,"DTXSID4032615","C12H9F2N5O2S","Single Compound"
"106","Flumioxazin","103361-09-7",2.55,NA,NA,354.337,8.34,3.49e-12,0.03,"DTXSID7032555","C19H15FN2O4","Single Compound"
"107","Fluometuron","2164-17-2",2.42,NA,"13.1",232.205993652344,10.06,0.000777,0.26,"DTXSID8020628","C10H11F3N2O","Single Compound"
"108","Fluoxastrobin","361377-29-9",4,NA,NA,458.829986572266,16.35,7.98e-10,0.04,"DTXSID2034625","C21H16ClFN4O5","Single Compound"
"109","Fluroxypyr","69377-81-7",1.17,NA,"3.31",255.029998779297,1.79,0.00357,0.09,"DTXSID2034627","C7H5Cl2FN2O3","Single Compound"
"110","Fluroxypyr-meptyl","81406-37-3",4.53,NA,NA,367.239990234375,9.92,0.122,0.005,"DTXSID5034303","C15H21Cl2FN2O3","Mixture of Stereoisomers"
"111","Flusilazole","85509-19-9",4.68000000696621,"2.32",NA,315.399,6.96,4.95e-08,0.03,"DTXSID3024235","C16H15F2N3Si","Single Compound"
"112","Flutolanil","66332-96-5",3.7,NA,"12.4",323.315002441406,14.17,1.79e-06,0.02,"DTXSID8024109","C17H16F3NO2","Single Compound"
"113","Foramsulfuron","173159-57-4",-0.82,"0.654","5.152443,9.353038,11.33499",452.440002441406,0,0.0484,0.06,"DTXSID7034753","C17H20N6O7S","Single Compound"
"114","Forchlorfenuron","68157-60-8",3.2,"0.657","11.4",247.679992675781,26.87,0.00061,0.03,"DTXSID1034634","C12H10ClN3O","Single Compound"
"115","Formetanate hydrochloride","23422-53-9",1.07990446766672,"8.89","14.77",257.720001220703,13.72,5.73e-10,0.89,"DTXSID4032405","C11H16ClN3O2","Single Compound"
"116","Fosthiazate","98886-44-3",1.68,NA,NA,283.339996337891,0,0.00206,0.46,"DTXSID0034930","C9H18NO3PS2","Mixture of Stereoisomers"
"117","Halosulfuron-methyl","100784-20-1",1.44994098877334,"1.69","5.03",434.809997558594,0,0.00468,0.01,"DTXSID9034650","C13H15ClN6O7S","Single Compound"
"118","Hexaconazole","79983-71-4",3.7099996748334,"2.26","13.35",314.209991455078,16.22,4.17e-14,0.04,"DTXSID4034653","C14H17Cl2N3O","Single Compound"
"119","Hexazinone","51235-04-2",1.85,"5.11",NA,252.317993164062,6.36,4.34e-08,0.61,"DTXSID4024145","C12H20N4O2","Single Compound"
"120","Hexythiazox","78587-05-0",5.57,NA,"12.9",352.878845214844,110.44,0.0296,0.005,"DTXSID7024299","C17H21ClN2O2S","Mixture of Stereoisomers"
"121","Icaridin","119515-38-7",2.57,NA,NA,229.32,12.56,4.71e-07,0.28,"DTXSID0034227","C12H23NO3","Single Compound"
"122","Imazalil","35554-44-0",3.76000004729273,"6.77",NA,297.179992675781,1.02,0.49,0.03,"DTXSID8024151","C14H14Cl2N2O","Single Compound"
"123","Imazamox","114311-32-9",0.73,"0.08029608,1.316279,10.56098","0.08029608,1.316279,4.610368",305.334014892578,0,0.00701,0.45,"DTXSID3034664","C15H19N3O4","Single Compound"
"124","Imazapic","104098-48-8",2.47,"11.7","1.21958,5.977404",275.308,0,0.331,0.55,"DTXSID5034270","C14H17N3O3","Mixture of Stereoisomers"
"125","Imazapyr","81334-34-1",0.22,"0.000996922,1.555622,10.00383","0.000996922,1.555622,4.377678",261.281,0.39,0.748,0.92,"DTXSID8034665","C13H15N3O3","Mixture of Stereoisomers"
"126","Imazaquin","81335-37-7",1.86,"0.001855783,1.514878,10.11687","0.001855783,1.514878,4.457917",311.341,2.46,0.00338,0.15,"DTXSID3024152","C17H17N3O3","Mixture of Stereoisomers"
"127","Imazethapyr","81335-77-5",2.6,"0.414862,1.694238,10.68384","0.414862,1.694238,4.694567",289.335,2.35,0.0427,0.29,"DTXSID3024287","C15H19N3O3","Mixture of Stereoisomers"
"128","Imidacloprid","138261-41-3",1.10002573010786,"5.28","9.39",255.660003662109,2.81,0.0421,0.66,"DTXSID5032442","C9H10ClN5O2","Single Compound"
"129","Indoxacarb","173584-44-6",4.65,NA,NA,527.840026855469,31.36,1.28e-06,0.005,"DTXSID1032690","C22H17ClF3N3O7","Single Compound"
"130","Iodosulfuron-methyl-sodium","144550-36-7",3.17,NA,"1.546787,9.420298",529.239990234375,5.69,2.54e-06,0.01,"DTXSID2034673","C14H13IN5NaO6S","Single Compound"
"131","Iprodione","36734-19-7",3,NA,"12.5",330.170013427734,11.7,0.0309,0.005,"DTXSID3024154","C13H13Cl2N3O3","Single Compound"
"132","Isazofos","42509-80-8",3.47999975259164,NA,NA,313.739990234375,19.53,2.47e-13,0.07,"DTXSID7034676","C9H17ClN3O3PS","Single Compound"
"133","Isoxaben","82558-50-7",3.94,"0.219","10.1",332.399993896484,4.11,0.476,0.05,"DTXSID8024159","C18H24N2O4","Single Compound"
"134","Isoxaflutole","141112-29-0",2.14000495061945,NA,NA,359.320007324219,20.42,0.00242,0.02,"DTXSID5034723","C15H12F3NO4S","Single Compound"
"135","Lactofen","77501-63-4",4.81,NA,NA,461.769989013672,1.28,0.465,0.005,"DTXSID7024160","C19H15ClF3NO7","Single Compound"
"136","Lindane","58-89-9",4.34999997311882,NA,NA,290.829833984375,13.24,8.31e-05,0.005,"DTXSID2020686","C6H6Cl6","Single Compound"
"137","Linuron","330-55-2",3.2,NA,"12.7",249.089996337891,33.05,5.27e-05,0.11,"DTXSID2024163","C9H10Cl2N2O2","Single Compound"
"138","Malathion","121-75-5",2.36,NA,NA,330.350006103516,87.48,0.0211,0.005,"DTXSID4020791","C10H19O6PS2","Single Compound"
"139","Mcpa","94-74-6",2.74999897655835,NA,"3.07",200.619995117188,0,0.0427,0.02,"DTXSID4024195","C9H9ClO3","Single Compound"
"140","Mesosulfuron-methyl","208465-21-8",0.8,NA,"2.544583,10.26626,11.25017",503.5,5.45,0.0015,0.005,"DTXSID6034712","C17H21N5O9S2","Single Compound"
"141","Mesotrione","104206-82-8",1.49,NA,NA,339.320007324219,0.35,0.794,0.35,"DTXSID7032424","C14H13NO7S","Single Compound"
"142","Metalaxyl","57837-19-1",1.65,NA,NA,279.335998535156,1.58,0.132,0.73,"DTXSID6024175","C15H21NO4","Single Compound"
"143","Methidathion","950-37-8",2.2,NA,NA,302.320007324219,3.92,0.0099,0.27,"DTXSID5020819","C6H11N2O4PS3","Single Compound"
"144","Methoxychlor","72-43-5",5.08,NA,NA,345.64,170.4,0.00957,0.005,"DTXSID9020827","C16H15Cl3O2","Single Compound"
"145","Methoxyfenozide","161050-58-4",3.7,"2.46","9.52",368.476989746094,16.2,8.08e-09,0.06,"DTXSID3032628","C22H28N2O3","Single Compound"
"146","Methyl parathion","298-00-0",2.86,NA,NA,263.200012207031,14.19,2e-05,0.03,"DTXSID1020855","C8H10NO5PS","Single Compound"
"147","Metolachlor","51218-45-2",3.13,NA,NA,283.799987792969,35.37,1.27e-08,0.18,"DTXSID4022448","C15H22ClNO2","Single Compound"
"148","Metribuzin","21087-64-9",1.7,NA,NA,214.289993286133,1.07,0.037,0.48,"DTXSID6024204","C8H14N4OS","Single Compound"
"149","Metsulfuron-methyl","74223-64-6",2.2,NA,"1.874578,9.474032",381.359985351562,2.32,0.0184,0.09,"DTXSID6023864","C14H15N5O6S","Single Compound"
"150","Mgk","113-48-4",3.7,NA,NA,275.391998291016,134.33,0.144,0.005,"DTXSID6032562","C17H25NO2","Single Compound"
"151","Molinate","2212-67-1",3.21,NA,NA,187.300003051758,11.6,0.0561,0.1,"DTXSID6024206","C9H17NOS","Single Compound"
"152","Monobutyl phthalate","131-70-4",2.84,NA,"4.24",222.240005493164,0.74,0.166,0.21,"DTXSID4040002","C12H14O4","Single Compound"
"153","Myclobutanil","88671-89-0",2.94,"0.602",NA,288.779998779297,16.4,9.69e-07,0.08,"DTXSID8024315","C15H17ClN4","Single Compound"
"154","Napropamide","15299-99-7",3.36,NA,NA,271.359985351562,15.15,0.00352,0.005,"DTXSID5024211","C17H21NO2","Single Compound"
"155","Niclosamide","50-65-7",4.56,NA,"6.89,12.07",327.119995117188,12,1.1e-06,0.005,"DTXSID7040362","C13H8Cl2N2O4","Single Compound"
"156","Nitrapyrin","1929-82-4",3.41,NA,NA,230.899993896484,36.84,0.0157,0.005,"DTXSID0024216","C6H3Cl4N","Single Compound"
"157","Norflurazon","27314-13-2",2.3,NA,"10.9",303.670013427734,11.09,2.24e-05,0.18,"DTXSID8024234","C12H9ClF3N3O","Single Compound"
"158","Novaluron","116714-46-6",6.24000000031254,NA,"6.3,13.89",492.709991455078,2.87,0.0143,0.005,"DTXSID5034773","C17H9ClF8N2O4","Mixture of Stereoisomers"
"159","Oryzalin","19044-88-3",3.73,NA,"9.21",346.359985351562,20.2,2.85e-11,0.005,"DTXSID8024238","C12H18N4O6S","Single Compound"
"160","Oxadiazon","19666-30-9",5.30999999049842,NA,NA,345.220001220703,14.02,0.00031,0.005,"DTXSID3024239","C15H18Cl2N2O3","Single Compound"
"161","Oxamyl","23135-22-0",-0.47,NA,"10.2",219.259994506836,0,0.331,0.79,"DTXSID6021086","C7H13N3O3S","Single Compound"
"162","Oxasulfuron","144651-06-9",1.1,"3.01","11.5",406.410003662109,3.11,0.00531,0.06,"DTXSID4034364","C17H18N4O6S","Single Compound"
"163","Oxyfluorfen","42874-03-3",4.73,NA,NA,361.700012207031,0,0.625,0.12,"DTXSID7024241","C15H11ClF3NO4","Single Compound"
"164","Oxytetracycline dihydrate","6153-64-6",-3.97,NA,NA,496.468994140625,0,0.595,0.4,"DTXSID4023412","C22H28N2O11","Single Compound"
"165","Paclobutrazol","76738-62-0",3.2,"1.18",NA,293.791809082031,7.14,0.0411,0.15,"DTXSID2024242","C15H20ClN3O","Mixture of Stereoisomers"
"166","Parathion","56-38-2",3.83000001580742,NA,NA,291.260009765625,6.65,0.00755,0.005,"DTXSID7021100","C10H14NO5PS","Single Compound"
"167","Pendimethalin","40487-42-1",5.18,NA,NA,281.31201171875,7.21,0.0142,0.005,"DTXSID7024245","C13H19N3O4","Single Compound"
"168","Penoxsulam","219714-96-2",2.95,NA,"6.55",483.37,0,0.182,0.01,"DTXSID0034803","C16H14F5N5O5S","Single Compound"
"169","Perfluorooctane sulfonic acid","1763-23-1",5.42999999936637,NA,"-3.32",500.13,0,0.0175,0.005,"DTXSID3031864","C8HF17O3S","Single Compound"
"170","Perfluorooctanoic acid","335-67-1",5.1100000162852,NA,"-4.2",414.07,1.64,0.0636,0.005,"DTXSID8031865","C8HF15O2","Single Compound"
"171","Permethrin","52645-53-1",5.69999999685685,NA,NA,391.290008544922,46.21,0.0796,0.005,"DTXSID8022292","C21H20Cl2O3","Single Compound"
"172","Phenoxyethanol","122-99-6",1.16,NA,NA,138.166,17.89,0.219,0.3,"DTXSID9021976","C8H10O2","Single Compound"
"173","Phosalone","2310-17-0",4.38,NA,NA,367.799987792969,56.02,2.21e-05,0.005,"DTXSID1024259","C12H15ClNO4PS2","Single Compound"
"174","Picloram","1918-02-1",1.9,NA,"2.65",241.449996948242,3.11,0.0237,0.005,"DTXSID1021160","C6H3Cl3N2O2","Single Compound"
"175","Piperonyl butoxide","51-03-6",4.75,NA,NA,338.444000244141,76.01,1.46e-07,0.005,"DTXSID1021166","C19H30O5","Single Compound"
"176","Pirimicarb","23103-98-2",1.7,"5.03",NA,238.291000366211,22.53,9.14e-13,0.16,"DTXSID1032569","C11H18N4O2","Single Compound"
"177","Pirimiphos-methyl","29232-93-7",4.2,"5.01",NA,305.329986572266,29.78,7.92e-05,0.005,"DTXSID0024266","C11H20N3O3PS","Single Compound"
"178","Prochloraz","67747-09-5",4.1,"3.09",NA,376.660003662109,16.4,2.53e-09,0.02,"DTXSID4024270","C15H16Cl3N3O2","Single Compound"
"179","Prodiamine","29091-21-2",4.1,NA,"13.5",350.298004150391,7.22,0.000124,0.005,"DTXSID1034210","C13H17F3N4O4","Single Compound"
"180","Prometon","1610-18-0",2.99,"3.76",NA,225.296005249023,14.11,9.9e-13,0.005,"DTXSID6022341","C10H19N5O","Single Compound"
"181","Prometryn","7287-19-6",3.51,"3.13",NA,241.360000610352,35.78,4.92e-10,0.005,"DTXSID4024272","C10H19N5S","Single Compound"
"182","Propamocarb hydrochloride","25606-41-1",0.770115294787102,NA,"9.3",224.729995727539,5.81,1.43e-05,0.84,"DTXSID6034849","C9H21ClN2O2","Single Compound"
"183","Propanil","709-98-8",3.07,NA,"11.9",218.08,38.9,3.58e-08,0.005,"DTXSID8022111","C9H9Cl2NO","Single Compound"
"184","Propazine","139-40-2",2.93,"1.18",NA,229.710006713867,14.6,1.9e-11,0.04,"DTXSID3021196","C9H16ClN5","Single Compound"
"185","Propetamphos","31218-83-4",3.82,NA,NA,281.309997558594,16.24,0.00183,0.01,"DTXSID7032470","C10H20NO4PS","Single Compound"
"186","Propoxur","114-26-1",1.52,NA,"11",209.244995117188,6.9,1.73e-05,0.22,"DTXSID7021948","C11H15NO3","Single Compound"
"187","Propyzamide","23950-58-5",3.17999964177916,NA,"14.21",256.130004882812,5.4,0.000991,0.07,"DTXSID2020420","C12H11Cl2NO","Single Compound"
"188","Prosulfuron","94125-34-5",3.56,NA,"3.807427,9.71215",419.380004882812,10.37,1.78e-07,0.005,"DTXSID9034868","C15H16F3N5O4S","Single Compound"
"189","Pymetrozine","123312-89-0",-0.18,"1.623349,3.95625","10.6",217.231994628906,8.61,4.12e-06,0.99,"DTXSID2032637","C10H11N5O","Single Compound"
"190","Pyraclostrobin","175013-18-0",5.45,NA,NA,387.820007324219,53.93,5.06e-07,0.005,"DTXSID7032638","C19H18ClN3O4","Single Compound"
"191","Pyridaben","96489-71-3",6.37,NA,NA,364.929992675781,63.93,0.000527,0.005,"DTXSID5032573","C19H25ClN2OS","Single Compound"
"192","Pyrimethanil","53112-28-0",2.42999438415171,"3.96","13.67",199.25700378418,43.89,4.97e-11,0.02,"DTXSID8034877","C12H13N3","Single Compound"
"193","Pyriproxyfen","95737-68-1",5.55,"1.96",NA,321.376,16.86,7.8e-08,0.005,"DTXSID1032640","C20H19NO3","Mixture of Stereoisomers"
"194","Pyrithiobac-sodium","123343-16-8",3.88999993474861,"0.53","2.21",348.730010986328,3.98,0.381,0.03,"DTXSID8032673","C13H10ClN2NaO4S","Single Compound"
"195","Quinclorac","84087-01-4",2.97,"4.47",NA,242.059997558594,0,0.302,0.03,"DTXSID6032641","C10H5Cl2NO2","Single Compound"
"196","Quinoxyfen","124495-18-7",4.66,"3.03",NA,308.130004882812,0,0.486,0.005,"DTXSID2034881","C15H8Cl2FNO","Single Compound"
"197","Quintozene","82-68-8",4.64,NA,NA,295.320007324219,21.82,0.000284,0.005,"DTXSID2021105","C6Cl5NO2","Single Compound"
"198","Resmethrin","10453-86-8",5.07000001665636,NA,NA,338.446990966797,98.96,0.0996,0.005,"DTXSID7022253","C22H26O3","Mixture of Stereoisomers"
"199","Rimsulfuron","122931-48-0",0.829946695941636,"1.69","4.95",431.44,0,0.0607,0.63,"DTXSID1032642","C14H17N5O7S2","Single Compound"
"200","Rotenone","83-79-4",4.1,NA,"6.84",394.423004150391,20.92,0.000342,0.02,"DTXSID6021248","C23H22O6","Single Compound"
"201","s-bioallethrin","28434-00-6",4.06000014317055,NA,NA,302.414001464844,0,0.595,0.24,"DTXSID2039336","C19H26O3","Single Compound"
"202","Sethoxydim","74051-80-2",4.38,"1.95","6.51",327.480010986328,11.87,1.6e-09,0.05,"DTXSID9024304","C17H29NO3S","Single Compound"
"203","Simazine","122-34-9",1.78002912733734,"3.23",NA,201.660003662109,6.33,0.000474,0.28,"DTXSID4021268","C7H12ClN5","Single Compound"
"204","Spiroxamine","118134-30-8",5.51,"8.95",NA,297.483001708984,3.35,0.0108,0.01,"DTXSID1034212","C18H35NO2","Single Compound"
"205","Sulfentrazone","122836-35-5",0.99,NA,"6.39",387.179992675781,5.71,0.000635,0.99,"DTXSID6032645","C11H10Cl2F2N4O3S","Single Compound"
"206","Tebufenozide","112410-23-8",4.25,"2.29","9.55",352.477996826172,22.4,7.62e-11,0.03,"DTXSID4034948","C22H28N2O2","Single Compound"
"207","Tebufenpyrad","119168-77-3",4.61,NA,"12.5",333.859985351562,15.94,6.92e-06,0.005,"DTXSID0034223","C18H24ClN3O","Single Compound"
"208","Tebupirimfos","96182-53-5",4.19,"1.69",NA,318.369995117188,22.64,1.27e-11,0.005,"DTXSID1032482","C13H23N2O3PS","Single Compound"
"209","Tebuthiuron","34014-18-1",1.79,"0.332","13.8",228.309997558594,5.28,0.000481,0.42,"DTXSID3024316","C9H16N4OS","Single Compound"
"210","Tefluthrin","79538-32-2",6.5,NA,NA,418.739990234375,24.81,3.04e-06,0.005,"DTXSID5032577","C17H14ClF7O2","Single Compound"
"211","Tepraloxydim","149979-41-9",3.25,"1.3","6.6",341.829772949219,3.35,0.00285,0.38,"DTXSID7034252","C17H24ClNO4","Mixture of Stereoisomers"
"212","Terbacil","5902-51-2",1.89,NA,"8.17",216.669998168945,2.27,0.00372,0.1,"DTXSID8024317","C9H13ClN2O2","Single Compound"
"213","Tetraconazole","112281-77-3",3.86000002393477,"2.28",NA,372.140014648438,0,0.0641,0.02,"DTXSID8034956","C13H11Cl2F4N3O","Single Compound"
"214","Tetramethrin","7696-12-0",4.73,NA,NA,331.411987304688,37.6,8.59e-05,0.005,"DTXSID6032649","C19H25NO4","Single Compound"
"215","Thiabendazole","148-79-8",2.47,"5.66","12.8",201.25,0,0.00221,0.14,"DTXSID0021337","C10H7N3S","Single Compound"
"216","Thiacloprid","111988-49-9",2.33,"0.341",NA,252.720001220703,2.57,0.00372,0.29,"DTXSID7034961","C10H9ClN4S","Single Compound"
"217","Thiamethoxam","153719-23-4",0.8,NA,NA,291.709991455078,0.61,0.577,0.83,"DTXSID2034962","C8H10ClN5O3S","Single Compound"
"218","Thiazopyr","117718-60-2",3.89,"5.42",NA,396.380004882812,41.5,3.42e-05,0.01,"DTXSID1032488","C16H17F5N2O2S","Single Compound"
"219","Thidiazuron","51707-55-2",1.86999400012174,NA,"8.93",220.25,4.92,0.155,0.03,"DTXSID0032651","C9H8N4OS","Single Compound"
"220","Thiobencarb","28249-77-6",3.4,NA,NA,257.779998779297,18.28,0.000186,0.005,"DTXSID6024337","C12H16ClNOS","Single Compound"
"221","Thiophanate-methyl","23564-05-8",1.4,NA,"6.911033,7.750891",342.390014648438,2.47,0.0268,0.43,"DTXSID1024338","C12H14N4O4S2","Single Compound"
"222","Triadimefon","43121-43-3",3.96999986002262,"1.93",NA,293.75,14.59,0.0347,0.11,"DTXSID3023897","C14H16ClN3O2","Single Compound"
"223","Triadimenol","55219-65-3",2.9,"0.296",NA,295.769989013672,0,1.52e-05,0.13,"DTXSID0032493","C14H18ClN3O2","Single Compound"
"224","Tri-allate","2303-17-5",4.6,NA,NA,304.649993896484,2.89,0.248,0.005,"DTXSID5024344","C10H16Cl3NOS","Single Compound"
"225","Triasulfuron","82097-50-5",1.1,NA,"3.457185,9.731568",401.820007324219,14.58,1.22e-06,0.02,"DTXSID0024345","C14H16ClN5O5S","Single Compound"
"226","Tribufos","78-48-8",5.7,NA,NA,314.5,125.09,0.00104,0.07,"DTXSID1024174","C12H27OPS3","Single Compound"
"227","Triclopyr","55335-06-3",2.53,NA,"3.22",256.459991455078,0,0.706,0.02,"DTXSID0032497","C7H4Cl3NO3","Single Compound"
"228","Triclosan","3380-34-5",4.98000000635692,NA,"7.68",289.540008544922,118.83,0.0563,0.005,"DTXSID5032498","C12H7Cl3O2","Single Compound"
"229","Trifloxysulfuron-sodium","199119-58-9",1.11,"3.48","11.5",459.33,0,0.95,0.005,"DTXSID8040222","C14H13F3N5NaO6S","Single Compound"
"230","Triflumizole","68694-11-1",3.57999954727848,"3.52,6.31",NA,345.75,14.25,1.47e-11,0.005,"DTXSID2032500","C15H15ClF3N3O","Single Compound"
"231","Trifluralin ","1582-09-8",5.34,NA,NA,335.282989501953,8.98,0.0862,0.005,"DTXSID4021395","C13H16F3N3O4","Single Compound"
"232","Triflusulfuron-methyl","126535-15-7",3.56,"9.83","2.727285,9.827099",492.429992675781,14.47,2.88e-11,0.33,"DTXSID2032502","C17H19F3N6O6S","Single Compound"
"233","Triticonazole","131983-72-7",3.34999977912655,"2.26","13.33",317.820007324219,6.12,3.38e-05,0.14,"DTXSID0032655","C17H20ClN3O","Single Compound"
"234","Vinclozolin","50471-44-8",3.1,NA,NA,286.109985351562,18.34,0.00011,0.593586,"DTXSID4022361","C12H9Cl2NO3","Single Compound"
"235","Zoxamide","156052-68-5",4.6399999679239,NA,NA,336.640014648438,4.19,0.299,0.01,"DTXSID9032581","C14H16Cl3NO2","Single Compound"
"236","N-phenyl-1,4-benzenediamine","101-54-2",1.82,"5.4,0.51",NA,184.242004394531,15.586,1e-04,0.143351,"DTXSID7025895","C12H12N2","Single Compound"
"237","4,4'-methylenebis(n,n-dimethylaniline)","101-61-1",4.37,"5.44,4.83",NA,254.377,18.846,1e-04,0.001109,"DTXSID5020869","C17H22N2","Single Compound"
"238","4,4'-oxydianiline","101-80-4",1.36,"4.64,3.76",NA,200.240997314453,0,0.0096,0.328437,"DTXSID0021094","C12H12N2O","Single Compound"
"239","2-benzylideneoctanal","101-86-0",4.82,NA,NA,216.324005126953,14.364,1e-04,0.009805,"DTXSID4026684","C15H20O","Mixture of Stereoisomers"
"240","1,3-diphenylguanidine","102-06-7",2.89,"9.38",NA,211.268005371094,0,0.0144,0.784429,"DTXSID3025178","C13H13N3","Single Compound"
"241","N-ethyl-3-methylaniline","102-27-2",2.66,"5.02",NA,135.210006713867,13.118,1e-04,0.141356,"DTXSID4021848","C9H13N","Single Compound"
"242","Di(2-ethylhexyl)adipate","103-23-1",8.12,NA,NA,370.574005126953,13.556,1e-04,0.038614,"DTXSID0020606","C22H42O4","Single Compound"
"243","Azelaic acid di(2-ethylhexyl) ester","103-24-2",9.4,NA,NA,412.654998779297,3.152,0.002,0.031258,"DTXSID3026697","C25H48O4","Single Compound"
"244","Acetaminophen","103-90-2",0.46,NA,"9.4",151.164993286133,2.442,0.084,1,"DTXSID2020006","C8H9NO2","Single Compound"
"245","5-heptyldihydro-2(3h)-furanone","104-67-6",3.06,NA,NA,184.279006958008,296,1e-04,0.005,"DTXSID4034287","C11H20O2","Single Compound"
"246","Tamoxifen","10540-29-1",6.3,"8.76",NA,371.523986816406,8.52,0.0011,0.005,"DTXSID1034187","C26H29NO","Single Compound"
"247","Dibutyl hexanedioate","105-99-7",4.33,NA,NA,258.358,14.034,0.0238,0.587203,"DTXSID2021866","C14H26O4","Single Compound"
"248","Methyl 1h-benzimidazol-2-ylcarbamate","10605-21-7",1.51995918075207,"9.7","4.28",191.190002441406,24,0.0049,0.487231,"DTXSID4024729","C9H9N3O2","Single Compound"
"249","4-methylphenol","106-44-5",1.94,NA,"10.36",108.139999389648,39.66,1e-04,0.32589,"DTXSID7021869","C7H8O","Single Compound"
"250","Dimethyl succinate","106-65-0",0.35,NA,NA,146.141998291016,364.4,1e-04,0.999943,"DTXSID5025152","C6H10O4","Single Compound"
"251","Tebuconazole","107534-96-3",3.7,"2.27","13.86",307.820007324219,5.278,0.001,0.066005,"DTXSID9032113","C16H22ClN3O","Single Compound"
"252","Resorcinol","108-46-3",0.8,NA,"9.26,10.73",110.112,14.48,1e-04,0.744792,"DTXSID2021238","C6H6O2","Single Compound"
"253","Phenol","108-95-2",1.46,NA,"10.02",94.1129989624023,5.496,0.0022,0.620064,"DTXSID5021124","C6H6O","Single Compound"
"254","Mepanipyrim","110235-47-7",3.28,"2.81","13.4",223.279006958008,12.42,0.0513,0.034187,"DTXSID4042121","C14H13N3","Single Compound"
"255","N,n'-methylenebis(acrylamide)","110-26-9",-1.52,NA,NA,154.169006347656,2.954,0.0697,1,"DTXSID8025595","C7H10N2O2","Single Compound"
"256","Methyl laurate","111-82-0",5.41,NA,NA,214.348999023438,445.2,1e-04,0.036374,"DTXSID5026889","C13H26O2","Single Compound"
"257","Dimethyl glutarate","1119-40-0",0.62,NA,NA,160.169006347656,46.3,1e-04,0.698905,"DTXSID3025122","C7H12O4","Single Compound"
"258","2-[2-(2-ethoxyethoxy)ethoxy]ethanol","112-50-5",-0.96,NA,NA,178.227996826172,0,0.5349,1,"DTXSID3024368","C8H18O4","Single Compound"
"259","Erythromycin","114-07-8",3.06,"8.38","8.9",733.93701171875,4.04,0.0683,0.565343,"DTXSID4022991","C37H67NO13","Single Compound"
"260","Triphenyl phosphate","115-86-6",4.59,NA,NA,326.287994384766,26.44,0.001,0.002852,"DTXSID1021952","C18H15O4P","Single Compound"
"261","Di-n-octyl phthalate","117-84-0",8.1,NA,NA,390.564,0,0.8568,0.023297,"DTXSID1021956","C24H38O4","Single Compound"
"262","Benzophenone","119-61-9",3.18,NA,NA,182.22200012207,9.134,1e-04,0.06543,"DTXSID0021961","C13H10O","Single Compound"
"263","3,3'-dimethoxybenzidine","119-90-4",1.81,"4.55,3.57",NA,244.294006347656,18.046,0.0971,0.334289,"DTXSID3025091","C14H16N2O2","Single Compound"
"264","O-tolidine","119-93-7",2.34,"4.58,3.55",NA,212.296005249023,0,0.6631,0.142699,"DTXSID5024059","C14H16N2","Single Compound"
"265","Anthracene","120-12-7",4.45,NA,NA,178.233993530273,13.332,1e-04,0.025196,"DTXSID0023878","C14H10","Single Compound"
"266","Ethylparaben","120-47-8",1.95999483832842,NA,"8.5",166.175994873047,57.24,1e-04,0.105746,"DTXSID9022528","C9H10O3","Single Compound"
"267","P-cresidine","120-71-8",1.74,"4.63",NA,137.182,19.532,1e-04,0.404307,"DTXSID1020350","C8H11NO","Single Compound"
"268","2-tert-butyl-4-methoxy-phenol","121-00-6",3.5,NA,"10.57",180.247,7.06,0.0019,0.072169,"DTXSID7040788","C11H16O2","Single Compound"
"269","2,4-dinitrotoluene","121-14-2",1.98,NA,NA,182.134994506836,0,0.2573,0.096021,"DTXSID0020529","C7H6N2O4","Single Compound"
"270","Candoxatril","123122-55-4",5.09,"0.48","4.29",515.64697265625,9.898,1e-04,0.265862,"DTXSID6047286","C29H41NO7","Single Compound"
"271","Triamcinolone","124-94-7",1.16,NA,"11.75,13.42;14",394.438995361328,2.492,1e-04,0.734755,"DTXSID1040742","C21H27FO6","Single Compound"
"272","Tributyl phosphate","126-73-8",4,NA,NA,266.318,0,0.2154,0.034805,"DTXSID3021986","C12H27O4P","Single Compound"
"273","Zamifenacin","127308-82-1",5.94,"8.54",NA,415.532989501953,17.108,1e-04,0.002114,"DTXSID9047257","C27H29NO3","Single Compound"
"274","3-buten-2-one, 3-methyl-4-(2,6,6-trimethyl-2-cyclohexen-1-yl)-","127-51-5",4.84,NA,NA,206.328994750977,10.8,0.0123,0.006334,"DTXSID7027047","C14H22O","Single Compound"
"275","2,6-di-tert-butylphenol","128-39-2",4.92,NA,"11.26",206.328994750977,0,0.152,0.019534,"DTXSID6027052","C14H22O","Single Compound"
"276","Pyrene","129-00-0",4.88000001429608,NA,NA,202.255996704102,6.18,1e-04,0.024152,"DTXSID3024289","C16H10","Single Compound"
"277","Diallyl phthalate","131-17-9",3.23,NA,NA,246.261993408203,8.216,0.0879,0.962082,"DTXSID7020392","C14H14O4","Single Compound"
"278","Dibenzofuran","132-64-9",4.12,NA,NA,168.195007324219,8.3,0.0042,0.005,"DTXSID2021993","C12H8O","Single Compound"
"279","Rifampicin","13292-46-1",4.24,"7.53,1.47","6.9,8.25;9.87",822.953002929688,0,0.2323,0.130374,"DTXSID6021244","C43H58N4O12","Single Compound"
"280","Flutamide","13311-84-7",3.34999977912655,NA,"13.17",276.214996337891,30.38,1e-04,0.037581,"DTXSID7032004","C11H11F3N2O3","Single Compound"
"281","Tris(1,3-dichloro-2-propyl) phosphate (tdcpp)","13674-87-8",3.65,NA,NA,430.890014648438,5.092,0.0134,0.010779,"DTXSID9026261","C9H15Cl6O4P","Single Compound"
"282","Volinanserin","139290-65-6",3.81,"8.75","13.95",373.467987060547,5.464,1e-04,0.509659,"DTXSID6047363","C22H28FNO3","Single Compound"
"283","Tannic acid","1401-55-4",-0.19,NA,NA,1701.2060546875,0,1e-04,1,"DTXSID2026076","C76H52O46","Single Compound"
"284","4-(1,1,3,3-tetramethylbutyl)phenol","140-66-9",5.28,NA,"10.23",206.329,26.98,1e-04,0.019025,"DTXSID9022360","C14H22O","Single Compound"
"285","Diisopropyl methylphosphonate (dimp)","1445-75-6",1.03,NA,NA,180.184005737305,0,5e-04,0.972747,"DTXSID5024051","C7H17O3P","Single Compound"
"286","(2s,3s)-n-[2-methoxy-5-(trifluoromethoxy)benzyl]-2-phenylpiperidin-3-amine","145742-28-5",4.58,"9.04,6.04",NA,380.411010742188,6.188,0.0915,0.079959,"DTXSID9047251","C20H23F3N2O2","Single Compound"
"287","Diphenhydramine hydrochloride","147-24-0",3.27,"8.87",NA,291.820007324219,0,0.1683,0.413104,"DTXSID4020537","C17H22ClNO","Single Compound"
"288","8-hydroxyquinoline","148-24-3",2.02,"4.83","9.36",145.160995483398,69.68,1e-04,0.118401,"DTXSID5020730","C9H7NO","Single Compound"
"289","Monuron","150-68-5",1.94,NA,"13.44",198.649993896484,3.086,0.0271,0.45508,"DTXSID0020311","C9H11ClN2O","Single Compound"
"290","Benodanil","15310-01-7",2.85,NA,"13.6",323.132995605469,21.4,1e-04,0.075133,"DTXSID7041623","C13H10INO","Single Compound"
"291","Carbofuran","1563-66-2",2.32,NA,"14.76",221.255996704102,0,0.0063,0.421325,"DTXSID9020249","C12H15NO3","Single Compound"
"292","4-octylphenol","1806-26-4",5.5,NA,"10.31",206.329,15.654,2e-04,0.005,"DTXSID9022312","C14H22O","Single Compound"
"293","2-hydroxy-4-(octyloxy)benzophenone","1843-05-6",6.96,NA,"7.07",326.436004638672,51.14,0.0128,0.005,"DTXSID9027441","C21H26O3","Single Compound"
"294","Chlorthal-dimethyl","1861-32-1",4.28,NA,NA,331.950012207031,38.62,4e-04,0.016662,"DTXSID0024000","C10H6Cl4O4","Single Compound"
"295","Vernolate","1929-77-7",3.84,NA,NA,203.339996337891,25.1,3e-04,0.01906,"DTXSID7024376","C10H21NOS","Single Compound"
"296","Oxytetracycline hydrochloride","2058-46-0",-3.6,"5.62","2.17,8.55;11.56",496.899993896484,0,0.5447,0.628327,"DTXSID5021097","C22H25ClN2O9","Single Compound"
"297","Perfluoroundecanoic acid","2058-94-8",6.82,NA,NA,564.093,0,0.6959,0.005,"DTXSID8047553","C11HF21O2","Single Compound"
"298","Benzo[b]fluoranthene","205-99-2",5.78,NA,NA,252.316,5.564,1e-04,0.010588,"DTXSID0023907","C20H12","Single Compound"
"299","Fluoranthene","206-44-0",5.16,NA,NA,202.256,8.064,1e-04,0.014093,"DTXSID3024104","C16H10","Single Compound"
"300","Acenaphthylene","208-96-8",3.94,NA,NA,152.195999145508,12.384,0.0078,0.011157,"DTXSID3023845","C12H8","Single Compound"
"301","O-ethyl o-(p-nitrophenyl) phenylphosphonothioate","2104-64-5",4.78,NA,NA,323.299987792969,8.16,1e-04,0.01016,"DTXSID7022174","C14H14NO4PS","Single Compound"
"302","3,3,4,4,5,5,6,6,7,7,8,8,8-tridecafluorooctyl methacrylate","2144-53-8",6.32,NA,NA,432.180999755859,196.94,1e-04,0.026535,"DTXSID3047558","C12H9F13O2","Single Compound"
"303","1,5-diaminonaphthalene","2243-62-1",0.89,"4.41,3.2",NA,158.203994750977,0,0.0163,0.633278,"DTXSID3020916","C10H10N2","Single Compound"
"304","Mirex","2385-85-5",6.89,NA,NA,545.510009765625,0,0.2951,0.015083,"DTXSID7020895","C10Cl12","Single Compound"
"305","Tridemorph","24602-86-6",6.38,"8.36",NA,297.527008056641,12.912,1e-04,0.002679,"DTXSID3041376","C19H39NO","Single Compound"
"306","Benzyl hydrogen phthalate","2528-16-7",3.07,NA,"3.08",256.256988525391,0,0.0506,0.035199,"DTXSID9043938","C15H12O4","Single Compound"
"307","1,2-benzisothiazolin-3-one","2634-33-5",0.64,NA,"9.5",151.179992675781,34.74,1e-04,0.005,"DTXSID5032523","C7H5NOS","Single Compound"
"308","Octhilinone","26530-20-1",2.45,NA,NA,213.339996337891,12.722,0.0481,0.028224,"DTXSID1025805","C11H19NOS","Single Compound"
"309","Heptadecafluorooctanesulfonic acid potassium salt","2795-39-3",2.35,NA,"-3.32",538.219970703125,0,0.5082,0.00363,"DTXSID8037706","C8F17KO3S","Single Compound"
"310","Chlorpyrifos","2921-88-2",4.7,NA,NA,350.570007324219,2.6,NA,0.007932,"DTXSID4020458","C9H11Cl3NO3PS","Single Compound"
"311","Potassium nonafluoro-1-butanesulfonate","29420-49-3",-0.33,NA,"-3.31",338.18,1.1522,0.0774,0.019332,"DTXSID3037707","C4F9KO3S","Single Compound"
"312","Phorate","298-02-2",3.56,NA,NA,260.359985351562,0,0.2218,0.012903,"DTXSID4032459","C7H17O2PS3","Single Compound"
"313","Carbamazepine","298-46-4",2.45,NA,"13.9",236.274002075195,0,2e-04,0.514147,"DTXSID4022731","C15H12N2O","Single Compound"
"314","Azido-3'-deoxythymidine","30516-87-1",0.05,NA,"9.96;14.63",267.244995117188,0,0.1706,0.913986,"DTXSID8020127","C10H13N5O4","Single Compound"
"315","Perfluorohexanoic acid","307-24-4",3.48,NA,"-0.78",314.054,0,6e-04,0.016761,"DTXSID3031862","C6HF11O2","Single Compound"
"316","Aldrin","309-00-2",6.5,NA,NA,364.899993896484,0,0.4657,0.013398,"DTXSID8020040","C12H8Cl6","Mixture of Stereoisomers"
"317","Octrizole","3147-75-9",6.21,"1.95","8.92",323.440002441406,9.802,2e-04,0.005,"DTXSID9027522","C20H25N3O","Single Compound"
"318","Perfluorodecanoic acid","335-76-2",6.15,NA,NA,514.086,0,0.2875,0.005,"DTXSID3031860","C10HF19O2","Single Compound"
"319","Propanol, 1 (or 2)-(2-methoxymethylethyoxy)-","34590-94-8",-0.35,NA,"14.69",148.2,0,0.1875,0.890092,"DTXSID0027983",NA,"Mixture of Stereoisomers"
"320","Butam","35256-85-0",3,NA,NA,233.354995727539,9.846,1e-04,0.226735,"DTXSID5041691","C15H23NO","Single Compound"
"321","3-phenoxybenzoic acid","3739-38-6",3.91,NA,"3.82",214.220001220703,0,0.0113,0.005,"DTXSID1038321","C13H10O3","Single Compound"
"322","Perfluoroheptanoic acid","375-85-9",4.15,NA,NA,364.06201171875,0,0.0923,0.00164,"DTXSID1037303","C7HF13O2","Single Compound"
"323","Perfluorononanoic acid","375-95-1",5.48,NA,NA,464.078,0,0.2073,0.000992,"DTXSID8031863","C9HF17O2","Single Compound"
"324","Pentadecafluorooctanoic acid ammonium salt","3825-26-1",1.94,NA,"-4.2",431.101013183594,0,0.5205,0.003868,"DTXSID8037708","C8H4F15NO2","Single Compound"
"325","Potassium perfluorohexanesulfonate","3871-99-6",1.01,NA,"-3.32",438.200012207031,0,0.5444,0.001342,"DTXSID3037709","C6F13KO3S","Single Compound"
"326","2-chloro-2'-deoxyadenosine","4291-63-8",0.02,"0.72","13.89,14.79",285.690002441406,0,0.5643,0.984837,"DTXSID8022828","C10H12ClN5O3","Single Compound"
"327","Genistein","446-72-0",2.32000080426473,NA,NA,270.239990234375,18.686,1e-04,0.024258,"DTXSID5022308","C15H10O5","Single Compound"
"328","9-phenanthrol","484-17-3",3.86,NA,"9.37",194.233001708984,20.98,1e-04,0.005435,"DTXSID9047592","C14H10O","Single Compound"
"329","1,5,9-cyclododecatriene","4904-61-4",5.5,NA,NA,162.276000976562,17.278,0.0383,0.041432,"DTXSID8027581","C12H18","Mixture of Stereoisomers"
"330","P,p'-ddt","50-29-3",6.91,NA,NA,354.480010986328,7.35,1e-04,0.005,"DTXSID4020375","C14H9Cl5","Single Compound"
"331","Reserpine","50-55-5",3.32,"7.3",NA,608.68798828125,12.252,0.0833,0.005994,"DTXSID7021237","C33H40N2O9","Single Compound"
"332","Pirinixic acid","50892-23-4",3.12,"2.02","3.25",323.799987792969,7.51,1e-04,0.005454,"DTXSID4020290","C14H14ClN3O2S","Single Compound"
"333","2,4-dinitrophenol","51-28-5",1.67,NA,"4.35",184.106994628906,0,0.7539,0.027226,"DTXSID0020523","C6H4N2O5","Single Compound"
"334","6-propyl-2-thiouracil","51-52-5",0.98,NA,"8.75,13.93",170.229995727539,1.3232,0.0344,0.473609,"DTXSID5021209","C7H10N2OS","Single Compound"
"335","N-[(3r)-1-azabicyclo[2.2.2]oct-3-yl]-2,3-dihydro-1,4-benzodioxine-6-carboxamide","527680-56-4",2.05,"7.85","14.78",288.346984863281,3.688,0.0333,1,"DTXSID1047285","C16H20N2O3","Single Compound"
"336","1,2-dinitrobenzene","528-29-0",1.69,NA,NA,168.108001708984,24.2,1e-04,0.069494,"DTXSID4024066","C6H4N2O4","Single Compound"
"337","Haloperidol","52-86-8",4.3,"8.7",NA,375.869995117188,5.222,1e-04,0.178447,"DTXSID4034150","C21H23ClFNO2","Single Compound"
"338","Prednisone","53-03-2",1.46,NA,NA,358.433990478516,9.09,1e-04,0.481827,"DTXSID4021185","C21H26O5","Single Compound"
"339","2-methyl-4,6-dinitrophenol","534-52-1",2.13,NA,"4.8",198.134002685547,0,0.1079,0.002637,"DTXSID1022053","C7H6N2O5","Single Compound"
"340","Hexamethyl-p-rosaniline chloride","548-62-9",0.51,"4.83,4.21",NA,407.99,8.322,5e-04,0.013843,"DTXSID5020653","C25H30ClN3","Single Compound"
"341","Carbosulfan","55285-14-8",5.57,"2.38",NA,380.549987792969,26.74,3e-04,0.005,"DTXSID5023950","C20H32N2O3S","Single Compound"
"342","Ethion","563-12-2",5.07,NA,NA,384.459991455078,10.414,5e-04,0.005,"DTXSID2024086","C9H22O4P2S4","Single Compound"
"343","Diethylstilbestrol (des)","56-53-1",5.07,NA,"9.13,9.73",268.355987548828,41.28,1e-04,0.005,"DTXSID3020465","C18H20O2","Single Compound"
"344","Benz[a]anthracene","56-55-3",5.76000000200969,NA,NA,228.294006347656,18.27,1e-04,0.011208,"DTXSID5023902","C18H12","Single Compound"
"345","Phenytoin","57-41-0",2.47,NA,"8.06",252.273,2.33,0.0666,0.162413,"DTXSID8020541","C15H12N2O2","Single Compound"
"346","2,6-dimethylphenol","576-26-1",2.36,NA,"10.73",122.166999816895,20.52,1e-04,0.208579,"DTXSID9024063","C8H10O","Single Compound"
"347","Progesterone","57-83-0",3.87,NA,NA,314.468994140625,33.7,1e-04,0.02311,"DTXSID3022370","C21H30O2","Single Compound"
"348","2,6-diethylaniline","579-66-8",3.15,"4.15",NA,149.236999511719,16.13,1e-04,0.089617,"DTXSID6027218","C10H15N","Single Compound"
"349","7,12-dimethylbenz(a)anthracene","57-97-6",5.8,NA,NA,256.347991943359,3.226,0.002,0.005,"DTXSID1020510","C20H16","Single Compound"
"350","Caffeine","58-08-2",0.17,"9.70",NA,194.194000244141,0.11,NA,0.594118,"DTXSID0020232","C8H10N4O2","Single Compound"
"351","Pyrimethamine","58-14-0",2.69,"7.77,0.1",NA,248.710006713867,2.768,0.028,0.117685,"DTXSID9021217","C12H13ClN4","Single Compound"
"352","Fluridone ","59756-60-4",3.16,NA,NA,329.321990966797,5.594,1e-04,0.137807,"DTXSID8024107","C19H14F3NO","Single Compound"
"353","Sulfasalazine","599-79-1",3.81,"2.4","3.3;6.75;11.78",398.390014648438,5.16,0.0226,0.005,"DTXSID0021256","C18H14N4O5S","Single Compound"
"354","4-aminoazobenzene","60-09-3",3.41,"3.06,0.35",NA,197.240997314453,15.698,1e-04,0.0171,"DTXSID6024460","C12H11N3","Single Compound"
"355","Dieldrin","60-57-1",5.4,NA,NA,380.909332275391,4.262,0.0541,0.009376,"DTXSID9020453","C12H8Cl6O","Single Compound"
"356","2,6-dinitrotoluene","606-20-2",2.1,NA,NA,182.134994506836,34.64,1e-04,0.130978,"DTXSID5020528","C7H6N2O4","Single Compound"
"357","Androstenedione","63-05-8",2.75,NA,NA,286.415,25.92,1e-04,0.174363,"DTXSID8024523","C19H26O2","Single Compound"
"358","3-hydroxyfluorene","6344-67-8",3.54,NA,"9.98",182.22200012207,20.56,1e-04,0.024876,"DTXSID9047540","C13H10O","Single Compound"
"359","Didecyl dimethyl ammonium chloride","7173-51-5",4.66,NA,NA,362.08,18.65,0.0573,0.005,"DTXSID9032537","C22H48ClN","Single Compound"
"360","Endrin","72-20-8",5.2,NA,NA,380.909332275391,0,0.3739,0.006423,"DTXSID6020561","C12H8Cl6O","Single Compound"
"361","P,p'-ddd","72-54-8",6.02,NA,NA,320.029998779297,0,0.0134,0.031146,"DTXSID4020373","C14H10Cl4","Single Compound"
"362","Phosmet","732-11-6",2.78,NA,NA,317.309997558594,23.82,1e-04,0.047697,"DTXSID5024261","C11H12NO4PS2","Single Compound"
"363","N,n-dimethyloctylamine","7378-99-6",3.48,"9.79",NA,157.300994873047,35.14,1e-04,0.562732,"DTXSID2036299","C10H23N","Single Compound"
"364","Lovastatin","75330-75-5",4.26,NA,"14.91",404.547,21.9,1e-04,0.01429,"DTXSID5020784","C24H36O5","Single Compound"
"365","Perfluorooctanesulfonamide","754-91-6",5.8,NA,"6.57",499.14,11.926,0.0286,0.001515,"DTXSID3038939","C8H2F17NO2S","Single Compound"
"366","Heptachlor","76-44-8",6.1,NA,NA,373.299987792969,4.574,0.0292,0.043328,"DTXSID3020679","C10H5Cl7","Single Compound"
"367","Phenolphthalein","77-09-8",2.41,NA,"9.16,9.76",318.328002929688,47.4,1e-04,0.03116,"DTXSID0021125","C20H14O4","Single Compound"
"368","Bisphenol b","77-40-7",4.13,NA,"9.77,10.38",242.317993164062,35.66,1e-04,0.01823,"DTXSID4022442","C16H18O2","Single Compound"
"369","O,p'-ddt","789-02-6",6.79,NA,NA,354.48,15.09,0.002,0.005,"DTXSID6022345","C14H9Cl5","Mixture of Stereoisomers"
"370","Simvastatin","79902-63-9",4.68,NA,"14.91",418.574005126953,24.3,1e-04,0.00398,"DTXSID0023581","C25H38O5","Single Compound"
"371","4-(2-methylbutan-2-yl)phenol","80-46-6",3.91,NA,"10.23",164.248,20.9555741827326,1e-04,0.005,"DTXSID8021771","C11H16O","Single Compound"
"372","Warfarin","81-81-2",2.7,NA,"5",308.3330078125,0,0.0582,0.011776,"DTXSID5023742","C19H16O4","Single Compound"
"373","Acenaphthene","83-32-9",3.92,NA,NA,154.212005615234,4.846,1e-04,0.045329,"DTXSID3021774","C12H10","Single Compound"
"374","4,4'-methylene bis(2-methylaniline)","838-88-0",3.28,"4.68,3.81",NA,226.322998046875,3.984,0.0016,0.225677,"DTXSID5020867","C15H18N2","Single Compound"
"375","Pk 11195","85532-75-8",5.33,NA,NA,352.859985351562,42.12,1e-04,0.016137,"DTXSID7041097","C21H21ClN2O","Single Compound"
"376","N-nitrosodiphenylamine","86-30-6",3.13,NA,NA,198.225006103516,8.288,1e-04,0.043681,"DTXSID6021030","C12H10N2O","Single Compound"
"377","Fluconazole ","86386-73-4",0.5,"2.56,1.96","12.71",306.277008056641,1.8322,0.0075,0.710946,"DTXSID3020627","C13H12F2N6O","Single Compound"
"378","Diphenylenemethane","86-73-7",4.18,NA,NA,166.223007202148,12.076,0.009,0.015669,"DTXSID8024105","C13H10","Single Compound"
"379","1,2,3-trichlorobenzene","87-61-6",4.05,NA,NA,181.440002441406,6.984,1e-04,0.015667,"DTXSID8026193","C6H3Cl3","Single Compound"
"380","2,6-dimethylaniline","87-62-7",1.84,"4.31",NA,121.182998657227,8.96,2e-04,0.431103,"DTXSID8026307","C8H11N","Single Compound"
"381","Pentachlorophenol","87-86-5",5.11999998729774,NA,"4.98",266.320007324219,8.764,1e-04,0.054413,"DTXSID7021106","C6HCl5O","Single Compound"
"382","2,4,6-trichlorophenol","88-06-2",3.69,NA,"5.99",197.440002441406,18.756,1e-04,0.015123,"DTXSID5021386","C6H3Cl3O","Single Compound"
"383","Dinoseb","88-85-7",3.56,NA,"4.93",240.214996337891,0,0.2782,0.00043,"DTXSID3020207","C10H12N2O5","Single Compound"
"384","2-anisidine","90-04-0",1.18,"4.42",NA,123.154998779297,0,0.4772,0.453243,"DTXSID5023877","C7H9NO","Single Compound"
"385","Naphthalene","91-20-3",3.3,NA,NA,128.17399597168,10.394,1e-04,0.015598,"DTXSID8020913","C10H8","Single Compound"
"386","Quinoline","91-22-5",2.03,"4.5",NA,129.162,38.6,1e-04,0.203613,"DTXSID1021798","C9H7N","Single Compound"
"387","Ethoxyquin","91-53-2",3.87,"5.15",NA,217.311996459961,15.156,1e-04,0.010694,"DTXSID9020582","C14H19NO","Single Compound"
"388","2-naphthylamine","91-59-8",2.28,"4.25",NA,143.188995361328,18.498,1e-04,0.109897,"DTXSID2020921","C10H9N","Single Compound"
"389","Coumarin","91-64-5",1.39,NA,NA,146.145004272461,0,0.1073,0.19224,"DTXSID7020348","C9H6O2","Single Compound"
"390","N,n-diethyl aniline","91-66-7",3.31,"5.86",NA,149.236999511719,9.812,1e-04,0.042869,"DTXSID8021800","C10H15N","Single Compound"
"391","N-nitrosodi-n-butylamine","924-16-3",2.63,"3.3",NA,158.244995117188,11.118,1e-04,0.260237,"DTXSID2021026","C8H18N2O","Single Compound"
"392","Biphenyl","92-52-4",4.01,NA,NA,154.212005615234,14.178,1e-04,0.01557,"DTXSID4020161","C12H10","Single Compound"
"393","Benzidine","92-87-5",1.34,"4.73,3.65",NA,184.242004394531,6.91,1e-04,0.197716,"DTXSID2020137","C12H12N2","Single Compound"
"394","Methyleugenol","93-15-2",3.03,NA,NA,178.231002807617,26.56,1e-04,0.141587,"DTXSID5025607","C11H14O2","Single Compound"
"395","Propylparaben","94-13-3",3.04,NA,"7.89",180.203002929688,38,1e-04,0.076393,"DTXSID4022527","C10H12O3","Single Compound"
"396","Butylparaben","94-26-8",3.57,NA,"8.5",194.229995727539,39.3,1e-04,0.041572,"DTXSID3020209","C11H14O3","Single Compound"
"397","Tri(ethylene glycol) bis(2-ethylhexanoate)","94-28-0",5.6,NA,NA,402.571990966797,22.62,1e-04,0.005,"DTXSID3026564","C22H42O6","Single Compound"
"398","Safrole","94-59-7",3.45,NA,NA,162.188003540039,14.124,1e-04,0.017891,"DTXSID0021254","C10H10O2","Single Compound"
"399","2-methylphenol","95-48-7",1.95,NA,"10.13",108.139999389648,27.48,1e-04,0.380042,"DTXSID8021808","C7H8O","Single Compound"
"400","1,2,4,5-tetrachlorobenzene","95-94-3",4.64,NA,NA,215.880004882812,8.842,0.0012,0.000993,"DTXSID7024320","C6H2Cl4","Single Compound"
"401","2,4,5-trichlorophenol","95-95-4",3.72,NA,"6.83",197.440002441406,26.24,1e-04,0.005322,"DTXSID4024359","C6H3Cl3O","Single Compound"
"402","Eugenol","97-53-0",2.27,NA,"9.94",164.203994750977,103.62,3e-04,0.192161,"DTXSID9020617","C10H12O2","Single Compound"
"403","Isoeugenol","97-54-1",3.04,NA,"10.01",164.203994750977,71.78,1e-04,0.005,"DTXSID7022413","C10H12O2","Mixture of Stereoisomers"
"404","4-tert-butylphenol","98-54-4",3.31,NA,"10.2",150.221,26.8,1e-04,0.10521,"DTXSID1020221","C10H14O","Single Compound"
"405","Nitrobenzene","98-95-3",1.85,NA,NA,123.111000061035,8.168,0.0083,0.384385,"DTXSID3020964","C6H5NO2","Single Compound"
"406","3-nitrotoluene","99-08-1",2.45,NA,NA,137.138000488281,16.822,1e-04,0.077279,"DTXSID5021831","C7H7NO2","Single Compound"
"407","2-methoxy-5-nitroaniline","99-59-2",1.47,"1.83",NA,168.151992797852,12.028,0.0076,0.335937,"DTXSID0020943","C7H8N2O3","Single Compound"
"408","1,3-diisopropylbenzene","99-62-7",4.9,NA,NA,162.276000976562,7.788,0.0012,0.012373,"DTXSID8026640","C12H18","Single Compound"
"409","4-(butan-2-yl)phenol","99-71-8",3.08,NA,"10.27",150.220993041992,19.026,1e-04,0.0608,"DTXSID7022332","C10H14O","Single Compound"
"410","Methylparaben","99-76-3",1.96,NA,"8.5",152.149002075195,107.5,1e-04,0.070562,"DTXSID4022529","C8H8O3","Single Compound"
"411","N,n,4-trimethylaniline","99-97-8",2.81,"5.46",NA,135.210006713867,20.38,1e-04,0.054982,"DTXSID0021832","C9H13N","Single Compound"
"412","4-nitrotoluene","99-99-0",2.37,NA,NA,137.138000488281,19.316,2e-04,0.265886,"DTXSID5023792","C7H7NO2","Single Compound"
"413","Chlorpromazine","50-53-3",5.41,"9.70",NA,318.859985351562,11,NA,0.05,"DTXSID0022808","C17H19ClN2S","Single Compound"
"414","Propafenone","54063-53-5",3.37,"8.9",NA,341.450988769531,0.000207360480640854,NA,0.04,"DTXSID9045184","C21H27NO3","Single Compound"
"415","Verapamil","52-53-9",3.79,"8.5",NA,454.610992431641,4.65,NA,0.1,"DTXSID9041152","C27H38N2O4","Single Compound"
"416","Diphenhydramine","58-73-1",3.27,"8.65",NA,255.360992431641,6,NA,0.22,"DTXSID4022949","C17H21NO","Single Compound"
"417","Lorcainide","59729-31-6",4.16,"9.4",NA,370.920013427734,5.9,NA,0.15,"DTXSID2023226","C22H27ClN2O","Single Compound"
"418","Diltiazem hydrochloride","33286-22-5",2.7,"8.18","7.7",450.980010986328,23.5,NA,0.22,"DTXSID8040147","C22H27ClN2O4S","Single Compound"
"419","Amitriptyline","50-48-6",4.92,"9.47",NA,277.411010742188,0.723,NA,0.05,"DTXSID7022594","C20H23N","Single Compound"
"420","Desipramine","50-47-5",4.9,"9.48",NA,266.388000488281,11,NA,0.18,"DTXSID6022896","C18H22N2","Single Compound"
"421","Imipramine","50-49-7",4.8,"9.5",NA,280.415,1.78,NA,0.1,"DTXSID1043881","C19H24N2","Single Compound"
"422","Quinidine","56-54-2",3.44,"8.6",NA,324.424,5.88,NA,0.13,"DTXSID4023549","C20H24N2O2","Single Compound"
"423","Clozapine","5786-21-0",3.23,"7.5",NA,326.829986572266,6,NA,0.05,"DTXSID5022855","C18H19ClN4","Single Compound"
"424","Dexamethasone","50-02-2",1.83,NA,"13.5",392.467,1.6,NA,0.32,"DTXSID3020384","C22H29FO5","Single Compound"
"425","Diazepam","439-14-5",2.82,"3.3",NA,284.739990234375,0.05,NA,0.013,"DTXSID4020406","C16H13ClN2O","Single Compound"
"426","Midazolam","59467-70-8",2.7,"5.8",NA,325.769989013672,7,NA,0.05,"DTXSID5023320","C18H13ClFN3","Single Compound"
"427","Alprazolam","28981-97-7",2.12,"2.4",NA,308.769989013672,33,NA,0.32,"DTXSID4022577","C17H13ClN4","Single Compound"
"428","Triazolam","28911-01-5",2.42,"2.0",NA,343.209991455078,1,NA,0.1,"DTXSID6046763","C17H12Cl2N4","Single Compound"
"429","Zolpidem","82626-48-0",3.85,"5.65",NA,307.397003173828,1.29252336448598e-05,NA,0.08,"DTXSID7045946","C19H21N3O","Single Compound"
"430","Diclofenac","15307-86-5",4.51,NA,"3.76,8.61",296.149993896484,36.86,NA,0.005,"DTXSID6022923","C14H11Cl2NO2","Single Compound"
"431","Ibuprofen","15687-27-1",3.84000001825554,NA,"4.9",206.285003662109,4.2,NA,0.01,"DTXSID5020732","C13H18O2","Single Compound"
"432","Tolbutamide","64-77-7",2.34,NA,"5.5",270.350006103516,0.0594,NA,0.04,"DTXSID8021359","C12H18N2O3S","Single Compound"
"433","Tenoxicam","59804-37-4",1.9,NA,"5.3",337.369995117188,2.6,NA,0.009,"DTXSID8045486","C13H11N3O4S2","Single Compound"
"434","Hexobarbital","56-29-1",0.87,NA,"8.1",236.27099609375,19.8,NA,0.53,"DTXSID9023122","C12H16N2O3","Single Compound"
"435","Cimetidine","51481-61-9",0.4,"6.91","6.8",252.339996337891,1.2,NA,0.78,"DTXSID4020329","C10H16N6S","Single Compound"
"436","Naproxen","22204-53-1",3.18,NA,"4.2",230.263000488281,1.43991989319092e-05,NA,0.005,"DTXSID4040686","C14H14O3","Single Compound"
"437","Atenolol","29122-68-7",0.16,"9.67","9.2",266.341003417969,3.60480640854473e-07,NA,0.94,"DTXSID2022628","C14H22N2O3","Single Compound"
"438","Naloxone","465-65-6",2.09,"7.44","9.89",327.380004882812,18.31,NA,0.559,"DTXSID8023349","C19H21NO4","Single Compound"
"439","Buspirone","36505-84-7",2.63,"2.418038,5.511127",NA,385.511993408203,7.66,NA,0.05,"DTXSID2022707","C21H31N5O2","Single Compound"
"440","Lidocaine","137-58-6",2.44,"8",NA,234.343002319336,2.43,NA,0.296,"DTXSID1045166","C14H22N2O","Single Compound"
"441","Metoprolol","51384-51-1",1.75996985755431,"9.67","14.09",267.368988037109,1.47,NA,0.883,"DTXSID2023309","C15H25NO3","Single Compound"
"442","Timolol","26839-75-8",1.83,"9.2",NA,316.420013427734,0.69,NA,0.4,"DTXSID4023674","C13H24N4O3S","Single Compound"
"443","Antipyrine","60-80-0",0.380211241711606,"0.37",NA,188.23,0.03,NA,0.97,"DTXSID6021117","C11H12N2O","Single Compound"
"444","Propranolol","525-66-6",3.48,"9.4",NA,259.348999023438,2.28,NA,0.123,"DTXSID6023525","C16H21NO2","Single Compound"
"445","Phenacetin","62-44-2",1.40993312333129,NA,NA,179.218994140625,14.72,NA,0.6,"DTXSID1021116","C10H13NO2","Single Compound"
"446","Furosemide","54-31-9",2.03,NA,"3.174062,10.07606",330.739990234375,0,NA,0.012,"DTXSID6020648","C12H11ClN2O5S","Single Compound"
"447","Theophylline","58-55-9",-0.35,NA,"7.82",180.167007446289,0.52,NA,0.9,"DTXSID5021336","C7H8N4O2","Single Compound"
"448","Terbutaline","23031-25-6",0.9,"9.76","8.86,10.64;14.35",225.287994384766,0,NA,0.75,"DTXSID7021310","C12H19NO3","Single Compound"
"449","Lorazepam","846-49-1",2.39,NA,NA,321.160003662109,0.27,NA,0.09,"DTXSID7023225","C15H10Cl2N2O2","Single Compound"
"450","Oxazepam","604-75-1",2.24,NA,NA,286.720001220703,2,NA,0.04,"DTXSID1021087","C15H11ClN2O2","Single Compound"
"451","Sulpiride","15676-16-1",0.57,"8.39","10.24,13.51",341.429992675781,0,NA,1,"DTXSID1042574","C15H23N3O4S","Single Compound"
"452","Sildenafil","139755-83-2",2.75,NA,NA,474.579986572266,5.2,NA,0.04,"DTXSID6023579","C22H30N6O4S","Single Compound"
"453","Nifedipine","21829-25-4",2.2,NA,NA,346.338989257812,47.6,NA,0.044,"DTXSID2025715","C17H18N2O6","Single Compound"
"454","Methylprednisolone","83-43-2",1.82,NA,NA,374.476989746094,9.7,NA,0.23,"DTXSID7023300","C22H30O5","Single Compound"
"455","Prednisolone","50-24-8",1.62,NA,NA,360.450012207031,9.7,NA,0.25,"DTXSID9021184","C21H28O5","Single Compound"
"456","Diltiazem","42399-41-7",2.72999854728342,"8.18","12.86",414.52,4.7,NA,0.198,"DTXSID9022940","C22H26N2O4S","Single Compound"
"457","Chlorprothixene","113-59-7",5.18,"9.76","14.46",315.859985351562,14,NA,0.01,"DTXSID4022810","C18H18ClNS","Single Compound"
"458","Fk1052","129299-72-5",NA,NA,NA,293.37,2.56,NA,0.016,"DTXSID50861300","C18H19N3O","Mixture of Stereoisomers"
"459","Fk480","150408-73-4",3.13,NA,NA,438.462005615234,3.24,NA,0.005,"DTXSID8048785","C26H19FN4O2","Single Compound"
"460","Quinotolast","101193-40-2",1.31,NA,"6.72;11.56",348.321990966797,0,NA,0.0191,"DTXSID40143768","C17H12N6O3","Single Compound"
"461","Troglitazone","97322-87-7",6.11,NA,"6.367726,11.03844",441.540008544922,21.9,NA,0.000941,"DTXSID8023719","C24H27NO5S","Single Compound"
"462","Bromocriptine","25614-03-3",4.03,"6.71","9.68,11.13;14.95",654.606018066406,37,NA,0.07,"DTXSID1022687","C32H40BrN5O5","Single Compound"
"463","Cyclosporin a","59865-13-3",2.9,NA,NA,1202.63500976562,3.5,NA,0.062,"DTXSID0020365","C62H111N11O12","Single Compound"
"464","Ethinylestradiol","57-63-6",3.67,NA,"10.33",296.41,7,NA,0.014,"DTXSID5020576","C20H24O2","Single Compound"
"465","Famotidine","76824-35-6",-0.64,"8.42,1.74","9.74",337.440002441406,3.60480640854473e-07,NA,0.84,"DTXSID5023039","C8H15N7O2S3","Single Compound"
"466","Isradipine","75695-93-1",4.28,"4.33",NA,371.393005371094,18,NA,0.04,"DTXSID4023179","C19H21N3O5","Single Compound"
"467","Nitrendipine","39562-70-4",2.88,"4.05",NA,360.365997314453,7.4,NA,0.02,"DTXSID0023373","C18H20N2O6","Single Compound"
"468","Omeprazole","73590-58-6",2.23,"4.98","10.6",345.420013427734,1.7,NA,0.16,"DTXSID6021080","C17H19N3O3S","Mixture of Stereoisomers"
"469","Prazosin","19216-56-9",1.28,NA,NA,383.407989501953,2.3,NA,0.06,"DTXSID4049082","C19H21N5O4","Single Compound"
"470","Propofol","2078-54-8",2.86,NA,"10.98",178.274993896484,107,NA,0.016,"DTXSID6023523","C12H18O","Single Compound"
"471","Acebutolol","37517-30-9",1.71,"9.7",NA,336.432006835938,1.8,NA,0.74,"DTXSID2048539","C18H28N2O4","Single Compound"
"472","Bepridil","64706-54-3",5.2,"9.16,0.88",NA,366.549011230469,2,NA,0.01,"DTXSID3022663","C24H34N2O","Single Compound"
"473","Betaxolol","63659-18-7",2.81,"9.67","14.09",307.433990478516,2.5,NA,0.4,"DTXSID2022674","C18H29NO3","Single Compound"
"474","Bisoprolol","66722-44-9",1.87,"9.67",NA,325.449005126953,1.6,NA,0.66,"DTXSID6022682","C18H31NO4","Single Compound"
"475","Carvedilol","72956-09-3",4.19,"6.83","13.6",406.481994628906,35,NA,0.02,"DTXSID8022747","C24H26N2O4","Single Compound"
"476","Chlorpheniramine","132-22-9",3.38,"9.47,3.57",NA,274.790008544922,2.8,NA,0.7,"DTXSID0022804","C16H19ClN2","Single Compound"
"477","Codeine","76-57-3",1.19,"9.68",NA,299.369995117188,23,NA,1,"DTXSID2020341","C18H21NO3","Single Compound"
"478","Dextromethorphan","125-71-3",3.97,"9.84",NA,271.404,52.64,NA,0.45,"DTXSID3022908","C18H25NO","Single Compound"
"479","Doxepin","1668-19-5",4.29,"9.76",NA,279.382995605469,13,NA,0.2,"DTXSID7022966","C19H21NO","Single Compound"
"480","Fluoxetine","54910-89-3",4.05,"9.8",NA,309.332000732422,1,NA,0.13,"DTXSID7023067","C17H18F3NO","Single Compound"
"481","Granisetron","109889-09-0",3,"9.29","13.2",312.4169921875,9,NA,0.35,"DTXSID0023111","C18H24N4O","Single Compound"
"482","Morphine","57-27-2",0.82,"8.3",NA,285.342987060547,24,NA,0.65,"DTXSID9023336","C17H19NO3","Single Compound"
"483","Nadolol","42200-33-9",0.81,"9.76","13.59,14.22",309.406005859375,3.60480640854473e-07,NA,0.14,"DTXSID3023342","C17H27NO4","Single Compound"
"484","Ondansetron","99614-02-5",2.34999589926286,"7.34",NA,293.369995117188,1.4,NA,0.25,"DTXSID8023393","C18H19N3O","Single Compound"
"485","Pindolol","13523-86-9",1.75,"8.49","13.7",248.32600402832,2.8,NA,0.58,"DTXSID8023476","C14H20N2O2","Single Compound"
"486","Pirenzepine","28797-61-7",1.68,"7.6,0.94","12.02",351.410003662109,3.60480640854473e-07,NA,0.89,"DTXSID7023487","C19H21N5O2","Single Compound"
"487","Ranitidine","66357-35-5",0.27,"8.92","8.921344,11.78784",314.399993896484,1,NA,0.95,"DTXSID8045191","C13H22N4O3S","Single Compound"
"488","Scopolamine","51-34-3",0.98,"6.95",NA,303.358001708984,7,NA,0.9,"DTXSID6023573","C17H21NO4","Single Compound"
"489","Cetirizine","83881-51-0",1.7,"7.79,2.12","3.6",388.890014648438,3.60480640854473e-07,NA,0.01,"DTXSID4022787","C21H25ClN2O3","Single Compound"
"490","Alprenolol","13655-52-2",3.1,"8.75",NA,249.35400390625,36,NA,1,"DTXSID0045127","C15H23NO2","Single Compound"
"491","Aminopyrine","58-15-1",1,"4.22",NA,231.29899597168,4.1,NA,1,"DTXSID7020504","C13H17N3O","Single Compound"
"492","Bosentan","147536-97-8",4.94000000500827,"5.8",NA,551.62,2.4,NA,0.02,"DTXSID7046627","C27H29N5O6S","Single Compound"
"493","Butylbarbitone","77-28-1",1.73,NA,"8.48;12.15",212.249,1.9,NA,0.6,"DTXSID70227808","C10H16N2O3","Single Compound"
"494","Chlordiazepoxide","58-25-3",2.44,"4.7",NA,299.76,8,NA,0.15,"DTXSID4046022","C16H14ClN3O","Single Compound"
"495","Clobazam","22316-47-8",0.95,NA,"4.07",300.739990234375,27,NA,0.21,"DTXSID2046759","C16H13ClN2O2","Single Compound"
"496","Clonazepam","1622-61-3",2.41,"1.89","11.65",315.709991455078,15,NA,0.21,"DTXSID1022845","C15H10ClN3O3","Single Compound"
"497","Dofetilide","115256-11-6",2.14,"8.63","9.55555,10.11383",441.559997558594,1.9,NA,0.47,"DTXSID5046433","C19H27N3O5S2","Single Compound"
"498","Ethoxybenzamide","938-73-8",0.8,NA,NA,165.192001342773,1.3,NA,0.5,"DTXSID4020581","C9H11NO2","Single Compound"
"499","Ethoxycoumarin","65216-93-5",1.29,NA,NA,190.197998046875,26,NA,0.22,"DTXSID70215523","C11H10O3","Single Compound"
"500","Flunitrazepam","1622-62-4",2.6,"1.8",NA,313.287994384766,46,NA,0.25,"DTXSID7023065","C16H12FN3O3","Single Compound"
"501","Heptabarbitone","509-86-4",2.03,NA,"8.14;11.81",250.298004150391,29,NA,0.62,"DTXSID10198927","C13H18N2O3","Single Compound"
"502","Ketoconazole","65277-42-1",4.34999997311882,"3.69,6.75",NA,531.429992675781,55,NA,0.062,"DTXSID7029879","C26H28Cl2N4O4","Single Compound"
"503","Loxtidine","76956-02-0",3.05,"4.194845,9.100338",NA,359.473999023438,11,NA,0.96,"DTXSID0020785","C19H29N5O2","Single Compound"
"504","Nicardipine","55985-32-5",3.55999993448694,"5.42,8.18",NA,479.532989501953,402,NA,0.084,"DTXSID6023363","C26H29N3O6","Single Compound"
"505","Nilvadipine","75530-68-6",2.23999979288687,NA,NA,385.376007080078,2160,NA,0.013,"DTXSID2046624","C19H19N3O6","Single Compound"
"506","S-warfarin","5543-57-7",NA,NA,NA,308.333,0.93,NA,0.011,"DTXSID50873382","C19H16O4","Single Compound"
"507","Tacrine","321-64-2",2.71,"8.62",NA,198.268997192383,1000,NA,1,"DTXSID1037272","C13H14N2","Single Compound"
"508","Digoxin","20830-75-5",1.26,NA,NA,780.948974609375,0,NA,0.45,"DTXSID5022934","C41H64O14","Single Compound"
"509","Nicotine","54-11-5",1.17,"7.8",NA,162.235992431641,2.34,NA,0.75,"DTXSID1020930","C10H14N2","Single Compound"
"510","Pentobarbital","76-74-4",2.1,NA,"8.1",226.276000976562,0.723,NA,0.224,"DTXSID7023435","C11H18N2O3","Single Compound"
"511","Phenobarbital","50-06-6",1.47,NA,"7.35",232.238998413086,0,NA,0.184,"DTXSID5021122","C12H12N2O3","Single Compound"
"512","Procainamide","51-06-9",0.88,"9.1",NA,235.330993652344,0.723,NA,0.83,"DTXSID7023512","C13H21N3O","Single Compound"
"513","Thioridazine","50-52-2",5.9,"9.5",NA,370.570007324219,0.915,NA,0.0217,"DTXSID6023656","C21H26N2S2","Single Compound"
"514","Valproic acid","99-66-1",2.75,NA,"4.8",144.214004516602,1.76234979973298e-06,NA,0.366,"DTXSID6023733","C8H16O2","Single Compound"
"515","4'-Hydroxydiclofenac","64118-84-9",3.96000007649781,NA,"3.76,8.61",312.149993896484,0.0066,NA,0.017,"DTXSID40214326","C14H11Cl2NO3","Single Compound"
"516","Aflatoxin","1162-65-8",1.23,NA,NA,312.277,3.49,NA,0.458,"DTXSID9020035","C17H12O6","Single Compound"
"517","Aminoglutethimide","125-84-8",0.82,"4.44","10.4",232.283004760742,0.723,NA,0.563,"DTXSID8022589","C13H16N2O2","Single Compound"
"518","Aminopterin","54-62-6",-1.82,"4.95,13.56","3.669524,4.237372",440.420013427734,0,NA,0.75,"DTXSID3022588","C19H20N8O5","Single Compound"
"519","Amphetamine","300-62-9",1.76,NA,NA,135.210006713867,0.511,NA,0.3282,"DTXSID4022600","C9H13N","Single Compound"
"520","Atropine","51-55-8",1.83,"9.39",NA,289.375,0.496,NA,0.6336,"DTXSID4020113","C17H23NO3","Single Compound"
"521","Busulfan","55-98-1",-0.52,NA,NA,246.289993286133,1.39,NA,0.838,"DTXSID3020910","C6H14O6S2","Single Compound"
"522","Chloramphenicol","56-75-7",1.14,NA,NA,323.130004882812,0.723,NA,0.481,"DTXSID7020265","C11H12Cl2N2O5","Single Compound"
"523","Colchicine","64-86-8",1.3,NA,NA,399.442993164062,0.698,NA,0.44,"DTXSID5024845","C22H25NO6","Single Compound"
"524","Cycloheximide","66-81-9",0.55,NA,"10",281.351989746094,1.74,NA,0.629,"DTXSID6024882","C15H23NO4","Single Compound"
"525","Dextropropoxyphene","469-62-5",4.18,"8.81",NA,339.47900390625,11,NA,0.12,"DTXSID1023524","C22H29NO2","Single Compound"
"526","Diethylphthalate","84-66-2",2.47,NA,NA,222.240005493164,42.5,NA,0.19,"DTXSID7021780","C12H14O4","Single Compound"
"527","Fenpropathrin","39515-41-8",5.7,NA,NA,349.429992675781,3.17,NA,0.0083,"DTXSID0024002","C22H23NO3","Single Compound"
"528","Fenvalerate","51630-58-1",6.2,NA,NA,419.910003662109,0.766,NA,0.005,"DTXSID3020621","C25H22ClNO3","Single Compound"
"529","Gibberellic_acid","77-06-5",0.24,NA,"3.89",346.378997802734,0,NA,0.24,"DTXSID0020656","C19H22O6","Single Compound"
"530","Isoniazide","54-85-3",-0.7,"1.576596,4.177516","10.6",137.141998291016,1.11,NA,0.9,"DTXSID8020755","C6H7N3O","Single Compound"
"531","Maprotinline","10262-69-8",4.52,"10.54",NA,277.411010742188,0.723,NA,0.0916,"DTXSID7045029","C20H23N","Single Compound"
"532","Methadone","76-99-3",3.93,"9.2",NA,309.453002929688,1.34,NA,0.156,"DTXSID7023273","C21H27NO","Single Compound"
"533","Methylphenidate","113-45-1",2.78,"9.33",NA,233.311004638672,2.51,NA,0.377,"DTXSID5023299","C14H19NO2","Single Compound"
"534","Nalidixic_acid","389-08-2",1.1,"4.68","5.95",232.238998413086,1.1,NA,0.749,"DTXSID3020912","C12H12N2O3","Single Compound"
"535","Orphenadrine","83-98-7",3.77,"8.55",NA,269.388000488281,0.723,NA,0.175,"DTXSID3023396","C18H23NO","Single Compound"
"536","Pcb136","38411-22-2",7.65,NA,NA,360.859985351562,0.00027,NA,0.005,"DTXSID6073499","C12H4Cl6","Single Compound"
"537","Pcb153","35065-27-1",7.75,NA,NA,360.859985351562,2.72e-06,NA,0.005,"DTXSID2032180","C12H4Cl6","Single Compound"
"538","Pcb155","33979-03-2",7.55,NA,NA,360.859985351562,9.24e-06,NA,0.005,"DTXSID3040302","C12H4Cl6","Single Compound"
"539","Pcb77","32598-13-3",6.63,NA,NA,291.98,6.83e-05,NA,0.005,"DTXSID5022514","C12H6Cl4","Single Compound"
"540","Pcb80","33284-52-5",6.6,NA,NA,291.980010986328,3.33e-05,NA,0.005,"DTXSID4058657","C12H6Cl4","Single Compound"
"541","Physostigmine","57-47-6",1.58,"8.22","11.5",275.351989746094,1.64,NA,0.699,"DTXSID3023471","C15H21N3O2","Single Compound"
"542","Strychnine","57-24-9",1.93,"8.39",NA,334.419,2,NA,0.457,"DTXSID6023600","C21H22N2O2","Single Compound"
"543","Dibutylphthalate","84-74-2",4.5,NA,NA,278.347991943359,42.5,NA,0.028,"DTXSID2021781","C16H22O4","Single Compound"
"544","Cerivastatin","145599-86-6",3.8,"5.58","4.05,14.65",459.558013916016,6.1,NA,0.01,"DTXSID9022786","C26H34FNO5","Single Compound"
"545","Disopyramide","3737-09-5",2.58,"9.40",NA,339.483001708984,0.46,NA,0.16,"DTXSID1045536","C21H29N3O","Single Compound"
"546","Glipizide","29094-61-9",1.91,"0.173","5.55509,9.993396",445.540008544922,1,NA,0.02,"DTXSID0040676","C21H27N5O4S","Single Compound"
"547","Hydrocortisone","50-23-7",1.61,NA,"12.59,13.87;14.94",362.466003417969,8.1,NA,0.2,"DTXSID7020714","C21H30O5","Single Compound"
"548","Ketoprofen","22071-15-4",3.12,NA,"4.36",254.285003662109,9e-06,NA,0.008,"DTXSID6020771","C16H14O3","Single Compound"
"549","Nortriptyline","72-69-5",4.51,"10.47",NA,263.384002685547,9.86515353805073e-06,NA,0.12,"DTXSID9023384","C19H21N","Single Compound"
"550","Risperidone","106266-06-2",3.04,"8.2",NA,410.493011474609,9.7,NA,0.1,"DTXSID8045193","C23H27FN4O2","Single Compound"
"551","Benzydamine","642-72-8",4.21,"9.26",NA,309.412994384766,7.38584779706275e-05,NA,0.8,"DTXSID7047859","C19H23N3O","Single Compound"
"552","Gemfibrozil","25812-30-0",4.77,NA,"4.48",250.337997436523,7.92016021361816e-05,NA,0.03,"DTXSID0020652","C15H22O3","Single Compound"
"553","Vinpocetine","42971-09-5",4.15,"7.23",NA,350.462005615234,0.000936,NA,0.34,"DTXSID5023740","C22H26N2O2","Single Compound"
