"","Substance","CAS","ToxCast","Tox21","ExpoCast","NHANES","MW","logP","EXP","LogP Ave.exp","LogP Ave.prd","LogP Med.exp","LogP Med.prd","LogP Rng.exp","LogP Rng.prd"
"1","DDT, P,P'-","50-29-3","1","1","1","1",354.49,6.91,"EXP","                              6.91 (1)","                              6.18 (4)","                              6.91","                              6.18","                                  6.91","                                  5.62 to 6.79"
"2","DIELDRIN","60-57-1","1","1","1","1",380.91,5.4,"EXP","                              5.40 (1)","                              5.23 (3)","                              5.40","                              5.23","                                  5.40","                                  4.97 to 5.45"
"3","ALDRIN","309-00-2","1","1","1","1",364.91,6.5,"EXP","                              6.50 (1)","                              6.22 (3)","                              6.50","                              6.22","                                  6.50","                                  6.12 to 6.32"
"4","HEPTACHLOR","76-44-8","1","1","1","1",373.32,6.1,"EXP","                              6.10 (1)","                              5.78 (4)","                              6.10","                              5.78","                                  6.10","                                  5.56 to 6.04"
"5","HEXACHLOROCYCLOHEXANE, GAMMA-","58-89-9","1","1","1","1",290.83,3.72,"EXP","                              3.72 (1)","                              3.87 (4)","                              3.72","                              3.87","                                  3.72","                                  3.63 to 4.26"
"6","ENDRIN","72-20-8","1","1","1","1",380.91,5.2,"EXP","                              5.40 (1)","                              5.23 (3)","                              5.40","                              5.23","                                  5.40","                                  4.97 to 5.45"
"7","BENZO(B)FLUORANTHENE","205-99-2","1","1","1","",252.31,5.78,"EXP","                              5.78 (1)","                              5.56 (4)","                              5.78","                              5.56","                                  5.78","                                  4.71 to 6.26"
"8","BENZO(A)ANTHRACENE","56-55-3","1","1","1","1",228.29,5.76,"EXP","                              5.76 (1)","                              5.28 (4)","                              5.76","                              5.28","                                  5.76","                                  4.42 to 5.82"
"9","NAPHTHALENE","91-20-3","1","1","1","1",128.17,3.3,"EXP","                              3.30 (2)","                              2.99 (4)","                              3.30","                              2.99","                                  3.30","                                  2.44 to 3.34"
"10","FLUORANTHENE","206-44-0","1","1","1","1",202.25,5.16,"EXP","                              5.16 (1)","                              4.77 (4)","                              5.16","                              4.77","                                  5.16","                                  3.96 to 5.10"
"11","TRIFLURALIN","1582-09-8","1","1","1","",335.28,5.34,"EXP","                              5.34 (1)","                              5.17 (4)","                              5.34","                              5.17","                                  5.34","                                  5.02 to 5.31"
"12","ACENAPHTHENE","83-32-9","1","1","1","",154.21,3.92,"EXP","                              3.92 (1)","                              3.40 (4)","                              3.92","                              3.40","                                  3.92","                                  2.47 to 4.15"
"13","DDD, P,P'-","72-54-8","1","1","1","",320.04,6.02,"EXP","                              6.02 (1)","                              5.73 (4)","                              6.02","                              5.73","                                  6.02","                                  5.05 to 6.04"
"14","BENZIDINE","92-87-5","1","1","1","",184.24,1.34,"EXP","                              1.34 (1)","                              1.52 (4)","                              1.34","                              1.52","                                  1.34","                                  1.32 to 1.92"
"15","DISULFOTON","298-04-4","1","1","1","1",274.4,4.02,"EXP","                              4.02 (1)","                              3.88 (4)","                              4.02","                              3.88","                                  4.02","                                  3.83 to 3.92"
"16","DIAZINON","333-41-5","1","1","1","1",304.35,3.81,"EXP","                              3.81 (1)","                              3.67 (4)","                              3.81","                              3.67","                                  3.81","                                  3.51 to 3.86"
"17","ENDOSULFAN","115-29-7","1","1","1","",406.93,3.83,"EXP","                              3.83 (2)","                              3.79 (4)","                              3.83","                              3.79","                                  3.83","                                  3.50 to 4.19"
"18","HEPTACHLOR EPOXIDE","1024-57-3","1","1","1","1",389.32,4.98,"EXP","                              4.98 (1)","                              5.00 (4)","                              4.98","                              5.00","                                  4.98","                                  4.56 to 5.21"
"19","PENTACHLOROPHENOL","87-86-5","1","1","1","1",266.34,5.12,"EXP","                              5.12 (1)","                              4.55 (4)","                              5.12","                              4.55","                                  5.12","                                  3.58 to 5.11"
"20","METHOXYCHLOR","72-43-5","1","1","1","",345.65,5.08,"EXP","                              5.08 (1)","                              5.22 (4)","                              5.08","                              5.22","                                  5.08","                                  4.08 to 5.83"
"21","DI-N-BUTYL PHTHALATE","84-74-2","1","1","1","1",278.34,4.5,"EXP","                              4.50 (1)","                              4.51 (4)","                              4.50","                              4.51","                                  4.50","                                  4.39 to 4.62"
"22","CHLORPYRIFOS","2921-88-2","1","1","1","1",350.59,4.96,"EXP","                              4.96 (1)","                              4.91 (4)","                              4.96","                              4.91","                                  4.96","                                  4.66 to 5.18"
"23","DI(2-ETHYLHEXYL)PHTHALATE","117-81-7","1","1","1","1",390.56,7.6,"EXP","                              7.60 (1)","                              7.69 (4)","                              7.60","                              7.69","                                  7.60","                                  7.33 to 8.39"
"24","2,4,6-TRICHLOROPHENOL","88-06-2","1","1","1","1",197.45,3.69,"EXP","                              3.69 (1)","                              3.36 (4)","                              3.69","                              3.36","                                  3.69","                                  3.03 to 3.67"
"25","2,4-DINITROPHENOL","51-28-5","1","1","1","",184.11,1.67,"EXP","                              1.67 (1)","                              1.64 (4)","                              1.67","                              1.64","                                  1.67","                                  1.43 to 1.79"
"26","2,4-DINITROTOLUENE","121-14-2","1","1","1","",182.13,1.98,"EXP","                              1.98 (1)","                              1.96 (4)","                              1.98","                              1.96","                                  1.98","                                  1.62 to 2.18"
"27","ETHION","563-12-2","1","1","1","1",384.48,5.07,"EXP","                              5.07 (1)","                              4.60 (4)","                              5.07","                              4.60","                                  5.07","                                  4.04 to 4.90"
"28","DIMETHYLARSINIC ACID","75-60-5","1","1","1","",138,0.36,"EST","                            <p class=""ellipsis"" title=""1.18e-01 (2)"">","                          <td>","                          <td class=""table-col-gray"">-</td>","                              </td>","                      <td class=""title""><p class=""ellipsis"" title=""Water Solubility"">Water Solubility</p></td>","                          </td>"
"29","AZINPHOS-METHYL","86-50-0","1","1","1","1",317.32,2.75,"EXP","                              2.75 (1)","                              2.59 (4)","                              2.75","                              2.59","                                  2.75","                                  2.21 to 3.17"
"30","2,4,5-TRICHLOROPHENOL","95-95-4","1","1","1","1",197.45,3.72,"EXP","                              3.72 (1)","                              3.52 (4)","                              3.72","                              3.52","                                  3.72","                                  3.07 to 3.83"
"31","DICOFOL","115-32-2","1","1","1","",370.49,5.02,"EXP","                              5.02 (1)","                              5.04 (4)","                              5.02","                              5.04","                                  5.02","                                  4.13 to 5.81"
"32","PARATHION","56-38-2","1","1","1","1",291.26,3.83,"EXP","                              3.83 (1)","                              3.62 (4)","                              3.83","                              3.62","                                  3.83","                                  3.48 to 3.77"
"33","CRESOL, PARA-","106-44-5","1","1","1","",108.14,1.94,"EXP","                              1.94 (1)","                              1.99 (4)","                              1.94","                              1.99","                                  1.94","                                  1.67 to 2.13"
"34","PHENOL","108-95-2","1","1","1","",94.11,1.46,"EXP","                              1.46 (2)","                              1.55 (4)","                              1.46","                              1.55","                                  1.46","                                  1.23 to 1.80"
"35","MERCURIC CHLORIDE","7487-94-7","1","1","1","",271.5,NA,NA,"","","","","",""
"36","DDT, O,P'-","789-02-6","1","1","1","1",354.49,6.79,"EST","","","","","",""
"37","4,6-DINITRO-O-CRESOL","534-52-1","1","1","1","",198.13,2.12,"EXP","","","","","",""
"38","1,2,3-TRICHLOROBENZENE","87-61-6","1","1","1","",181.45,4.05,"EXP","","","","","",""
"39","LEAD","7439-92-1","","","","1",207.2,NA,NA,"","","","","",""
"40","CADMIUM","7440-43-9","","","","1",112.41,NA,NA,"","","","","",""
"41","CHROMIUM, HEXAVALENT","18540-29-9","","","","",51.996,NA,NA,"","","","","",""
"42","COBALT","7440-48-4","","","","",58.93,0.23,"EST","","","","","",""
"43","NICKEL","7440-02-0","","","","",58.69,NA,NA,"","","","","",""
"44","ZINC","7440-66-6","","","","1",65.39,NA,NA,"","","","","",""
"45","METHYLMERCURY","22967-92-6","","","","",216.6326,NA,NA,"","","","","",""
"46","2,3',4,4',5-Pentachlorobiphenyl","31508-00-6","","","","1",326.436,7.12,"EXP","","","","","",""
"47","HEXACHLOROCYCLOHEXANE, BETA-","319-85-7","1","1","1","1",290.83,3.78,"EXP","","","","","",""
"48","2,3,7,8-TETRACHLORODIBENZO-P-DIOXIN","1746-01-6","","1","1","1",321.9736,6.8,"EXP","","","","","",""
"49","HEXACHLOROBENZENE","118-74-1","","1","1","1",284.78,5.73,"EXP","","","","","",""
"50","HEXACHLOROCYCLOHEXANE, TECHNICAL GRADE","608-73-1","","1","1","1",290.83,4.26,"EST","","","","","",""
"51","CHLORDANE, TECHNICAL","12789-03-6","","1","1","1",409.7814,6.26,"EST","","","","","",""
"52","POLYCHLORINATED BIPHENYLS","1336-36-3","","","1","1",189.664,7.1,"EXP","","","","","",""
"53","1,2,3,4,6,7,8,9-OCTACHLORODIBENZOFURAN","39001-02-0","","","","1",443.755,8.6,"EXP","","","","","",""
"54","2,3,4,7,8-PENTACHLORODIBENZOFURAN","57117-31-4","","","","1",340.4197,6.92,"EXP","","","","","",""
"55","2,3,7,8-TETRACHLORODIBENZOFURAN","51207-31-9","","","","1",305.9746,6.53,"EXP","","","","","",""
"56","1,2,3,4,6,7,8-HEPTACHLORODIBENZOFURAN","67562-39-4","","","","1",409.31,7.92,"EXP","","","","","",""
"57","2,4-D ACID","94-75-7","1","1","1","1",221.04,2.81,"EXP","","","","","",""
"58","DIURON","330-54-1","1","1","1","",233.09,2.68,"EXP","","","","","",""
"59","PYRENE","129-00-0","1","1","1","1",202.25,4.88,"EXP","","","","","",""
"60","METOLACHLOR","51218-45-2","1","1","1","1",283.79,3.13,"EXP","","","","","",""
"61","simazine","122-34-9","1","1","1","",201.66,2.18,"EXP","","","","","",""
"62","Fluorene","86-73-7","1","1","1","1",166.22,4.18,"EXP","","","","","",""
"63","Biphenyl","92-52-4","1","1","1","",154.21,3.98,"EXP","","","","","",""
"64","Anthracene","120-12-7","1","1","1","",178.23,4.45,"EXP","","","","","",""
"65","Atrazine","1912-24-9","1","1","1","1",215.68,2.61,"EXP","","","","","",""
"66","Propazine","139-40-2","1","1","1","",229.71,2.93,"EXP","","","","","",""
"67","Prometryn","7287-19-6","1","1","1","",241.36,3.51,"EXP","","","","","",""
"68","Prometon","1610-18-0","1","1","1","",225.29,2.99,"EXP","","","","","",""
"69","Terbacil","5902-51-2","1","1","1","",216.66,1.89,"EXP","","","","","",""
"70","Oxyfluorfen","42874-03-3","1","1","1","",361.7,4.73,"EXP","","","","","",""
"71","Molinate","2212-67-1","1","1","1","",187.3,3.21,"EXP","","","","","",""
"72","S-Ethyl-N,N-Dipropylthiocarbamate","759-94-4","1","1","1","",189.32,3.21,"EXP","","","","","",""
"73","Cycloate","1134-23-2","1","1","1","",215.36,3.88,"EXP","","","","","",""
"74","Bromacil","314-40-9","1","1","1","",261.12,2.11,"EXP","","","","","",""
"75","DICAMBA","1918-00-9","1","1","1","",221.04,2.21,"EXP","","","","","",""
"76","PICLORAM","1918-02-1","1","1","1","",241.46,0.3,"EXP","","","","","",""
"77","PENDIMENTHALIN","40487-42-1","1","1","1","",281.31,5.18,"EXP","","","","","",""
"78","ISOXAFLUTOLE","141112-29-0","1","1","1","",359.32,2.32,"EXP","","","","","",""
"79","ACETOCHLOR","34256-82-1","1","1","1","1",269.77,3.03,"EXP","","","","","",""
"80","IMAZAPYR","81334-34-1","1","1","1","",261.28,0.22,"EXP","","","","","",""
"81","IMAZAPIC","104098-48-8","1","1","1","",275.3,2.47,"EXP","","","","","",""
"82","AMETRYN","834-12-8","1","1","1","",227.33,2.98,"EXP","","","","","",""
"83","HEXAZINONE","51235-04-2","1","1","1","",252.31,1.85,"EXP","","","","","",""
"84","METSULFURON METHYL","74223-64-6","","1","1","",381.36,2.2,"EXP","","","","","",""
"85","Acenaphthylene 2000 μg/mL","208-96-8","1","1","1","",152.19,3.94,"EXP","","","","","",""
"86","Metribuzin","21087-64-9","1","1","1","",214.29,1.7,"EXP","","","","","",""
"87","HALOSULFURON METHYL","100784-20-1","","","1","",434.81,-0.02,"EXP","","","","","",""
"88","BENZENE","71-43-2","","1","1","1",78.11,2.13,"EXP","","","","","",""
"89","BENZO(A)PYRENE","50-32-8","","1","1","1",252.31,6.13,"EXP","","","","","",""
"90","DIBENZO(A,H)ANTHRACENE","53-70-3","","1","1","",278.35,6.75,"EXP","","","","","",""
"91","BENZO(K)FLUORANTHENE","207-08-9","","1","1","",252.31,6.11,"EXP","","","","","",""
"92","XYLENES, TOTAL","1330-20-7","","1","1","",106.17,3.16,"EXP","","","","","",""
"93","TOLUENE","108-88-3","","1","1","1",92.14,2.73,"EXP","","","","","",""
"94","ETHYLBENZENE","100-41-4","","1","1","1",106.17,3.15,"EXP","","","","","",""
"95","CHRYSENE","218-01-9","","1","1","1",228.29,5.81,"EXP","","","","","",""
"96","2-METHYLNAPHTHALENE","91-57-6","","1","1","",142.2,3.86,"EXP","","","","","",""
"97","PHENANTHRENE","85-01-8","1","1","1","1",178.23,4.46,"EXP","","","","","",""
"98","STYRENE","100-42-5","","1","1","1",104.15,2.95,"EXP","","","","","",""
"99","1-Methylnaphthalene","90-12-0","1","1","1","",142.2,3.87,"EXP","","","","","",""
"100","1,2,4-Trimethylbenzene","95-63-6","1","1","1","",120.19,3.63,"EXP","","","","","",""
"101","Isopropalin","33820-53-0","1","1","1","",309.36,5.8,"EST","","","","","",""
"102","Pebulat","1114-71-2","","1","1","",203.34,3.83,"EXP","","","","","",""
"103","TERBUTRYN","886-50-0","","1","1","",241.36,3.74,"EXP","","","","","",""
"104","HEDONAL (Carbamate)","93-65-2","","1","1","",214.65,3.13,"EXP","","","","","",""
"105","a-Methylstyrene","98-83-9","","1","1","",118.18,3.48,"EXP","","","","","",""
"106","Pentane","109-66-0","","1","1","",72.15,3.39,"EXP","","","","","",""
"107","m-Xylene (Benzene, 1,3-dimethyl-)","108-38-3","","1","1","1",106.17,3.2,"EXP","","","","","",""
"108","Cyclohexane 5.4 wt. %","110-82-7","","1","1","",84.16,3.44,"EXP","","","","","",""
"109","3-Methylcholanthrene","56-49-5","","1","1","",268.35,6.42,"EXP","","","","","",""
"110","Benzo[ghi]perylene 200 μg/mL","191-24-2","","1","1","",276.33,6.63,"EXP","","","","","",""
"111","GLUFOSINATE","77182-82-2","","","1","",198.16,-4.81,"EST","","","","","",""
"112","P-XYLENE","106-42-3","","1","1","1",106.17,3.15,"EXP","","","","","",""
"113","bicyclohexyl","92-51-3","","1","1","",166.3,5.86,"EST","","","","","",""
"114","tetralin","119-64-2","","1","1","",132.2,3.49,"EXP","","","","","",""
"115","p-terphenyl","92-94-4","","1","1","",230.3,6.03,"EXP","","","","","",""
"116","n-dodecane","112-40-3","","1","1","",170.33,6.1,"EXP","","","","","",""
"117","2,6-diisopropylnaphthalene","24157-81-1","","1","1","",212.334,NA,NA,"","","","","",""
"118","4,5-methylenephenanthrene","203-64-5","","1","1","",190.24,4.6,"EST","","","","","",""
"119","2,2',4,4',5,5'-Hexachlorobiphenyl","35065-27-1","","1","1","1",360.88,7.75,"EXP","","","","","",""
"120","Pentadecane","629-62-9","1","1","1","",212.41,7.71,"EST","","","","","",""
"121","Decane","124-18-5","1","1","1","",142.28,5.01,"EXP","","","","","",""
"122","p-Cymene","99-87-6","1","1","1","",134.22,4.1,"EXP","","","","","",""
"123","1,3,5-Trimethylbenzene","108-67-8","1","1","1","",120.19,3.42,"EXP","","","","","",""
"124","Hexadecane","544-76-3","1","1","1","",226.44,8.25,"EST","","","","","",""
"125","Undecane","1120-21-4","1","1","1","",156.31,6.5,"EST","","","","","",""
"126","1,2,4,5-Tetramethylbenzene","95-93-2","","1","1","",134.22,4,"EXP","","","","","",""
"127","Dibenzothiophene","132-65-0","","1","1","",184.26,4.38,"EXP","","","","","",""
"128","Indene","95-13-6","","1","1","",116.16,2.92,"EXP","","","","","",""
"129","Propylbenzene","103-65-1","1","1","1","",120.19,3.69,"EXP","","","","","",""
"130","Cyclopentane","287-92-3","","1","1","",70.13,3,"EXP","","","","","",""
"131","Isoprene (2-Methyl-1,3-butadiene)","78-79-5","","1","1","",68.12,2.42,"EXP","","","","","",""
"132","Methylcyclopentane 3.269 wt. %","96-37-7","","1","1","",84.16,3.37,"EXP","","","","","",""
"133","S,S,S-TRIBUTYL PHOSPHOROTRITHIOATE","78-48-8","1","1","1","",314.5163,5.7,"EXP","","","","","",""
"134","1,4-DICHLOROBENZENE","106-46-7","1","1","1","1",147,3.44,"EXP","","","","","",""
"135","PHORATE","298-02-2","1","1","1","1",260.38,3.56,"EXP","","","","","",""
"136","DIBENZOFURAN","132-64-9","1","1","1","",168.19,4.12,"EXP","","","","","",""
"137","CRESOL, ORTHO-","95-48-7","1","1","1","",108.14,1.95,"EXP","","","","","",""
"138","ETHOPROP","13194-48-4","1","1","1","",242.34,3.59,"EXP","","","","","",""
"139","N-NITROSODIPHENYLAMINE","86-30-6","1","1","1","",198.22,3.13,"EXP","","","","","",""
"140","DIMETHOATE","60-51-5","1","1","1","1",229.26,0.78,"EXP","","","","","",""
"141","BUTYLATE","2008-41-5","1","1","1","",217.37,4.15,"EXP","","","","","",""
"142","2,6-DINITROTOLUENE","606-20-2","1","1","1","",182.13,2.1,"EXP","","","","","",""
"143","BIS(2-ETHYLHEXYL)ADIPATE","103-23-1","1","1","1","",370.57,6.11,"EST","","","","","",""
"144","CARBARYL","63-25-2","1","1","1","1",201.22,2.36,"EXP","","","","","",""
"145","permethrin","52645-53-1","1","1","1","1",391.29,6.5,"EXP","","","","","",""
"146","iprodione","36734-19-7","1","1","1","",330.17,3,"EXP","","","","","",""
"147","carbendazim","10605-21-7","1","1","1","",191.19,1.52,"EXP","","","","","",""
"148","benomyl","17804-35-2","1","1","1","",290.32,2.12,"EXP","","","","","",""
"149","prochloraz","67747-09-5","1","1","1","",376.67,4.1,"EXP","","","","","",""
"150","vinclozolin","50471-44-8","1","1","1","",286.11,3.1,"EXP","","","","","",""
"151","fenitrothion","122-14-5","1","1","1","1",277.23,3.3,"EXP","","","","","",""
"152","fenvalerate","51630-58-1","","1","1","",419.9,6.2,"EXP","","","","","",""
"153","Ethoxyquin","91-53-2","1","1","1","",217.31,3.87,"EST","","","","","",""
"154","Myclobutanil","88671-89-0","1","1","1","",288.78,2.94,"EXP","","","","","",""
"155","Tebuconazole","107534-96-3","1","1","1","",307.82,3.7,"EXP","","","","","",""
"156","Rotenone","83-79-4","1","1","1","",394.42,4.1,"EXP","","","","","",""
"157","Aldicarb","116-06-3","1","1","1","",190.26,1.13,"EXP","","","","","",""
"158","Thiabendazole","148-79-8","1","1","1","",201.25,2.47,"EXP","","","","","",""
"159","2-Phenylphenol","90-43-7","1","1","1","1",170.21,3.09,"EXP","","","","","",""
"160","Reserpine","50-55-5","1","1","1","",608.68,3.32,"EST","","","","","",""
"161","Linuron","330-55-2","1","1","1","",249.09,3.2,"EXP","","","","","",""
"162","Fenarimol","60168-88-9","1","1","1","",331.2,3.6,"EXP","","","","","",""
"163","Bisphenol A","80-05-7","1","1","1","1",228.29,3.32,"EXP","","","","","",""
"164","Diethylstilbestrol (DES)","56-53-1","1","1","1","",268.35,5.07,"EXP","","","","","",""
"165","Metalaxyl","57837-19-1","1","1","1","",279.33,1.65,"EXP","","","","","",""
"166","Abamectin","71751-41-2","1","1","1","",1732.14,NA,NA,"","","","","",""
"167","Pyriproxyfen","95737-68-1","1","1","1","",321.37,5.55,"EST","","","","","",""
"168","Propyzamide","23950-58-5","1","1","1","",256.13,3.43,"EXP","","","","","",""
"169","Phosmet","732-11-6","1","1","1","1",317.32,2.78,"EXP","","","","","",""
"170","Pentachloronitrobenzene","82-68-8","1","1","1","1",295.33,4.64,"EXP","","","","","",""
"171","Norflurazon","27314-13-2","1","1","1","",303.67,2.3,"EXP","","","","","",""
"172","MGK-264","113-48-4","1","1","1","",275.39,3.7,"EXP","","","","","",""
"173","Malathion","121-75-5","1","1","1","1",330.36,2.36,"EXP","","","","","",""
"174","Chlorthal-dimethyl","1861-32-1","1","1","1","",331.96,4.28,"EXP","","","","","",""
"175","Bifenthrin","82657-04-3","1","1","1","",422.87,NA,NA,"","","","","",""
"176","6-Propyl-2-thiouracil","51-52-5","1","1","1","",170.23,0.98,"EST","","","","","",""
"177","INDENO(1,2,3-CD)PYRENE","193-39-5","","","","",276.33,6.7,"EST","","","","","",""
"178","1,3,5-triethylbenzene","102-25-0","","","","",162.27,5.11,"EST","","","","","",""
"179","decylbenzene","104-72-3","","","","",218.38,7.35,"EXP","","","","","",""
"180","trans-decalin","493-02-7","","","","",138.25,4.2,"EST","","","","","",""
"181","1,2-dimethylnaphthalene","573-98-8","","","","",156.22,4.31,"EXP","","","","","",""
"182","9,10-dihydroanthracene","613-31-0","","","","",180.25,4.25,"EXP","","","","","",""
"183","isopentylbenzene","2049-94-7","","","","",148.24,4.43,"EST","","","","","",""
"184","2,2,4,4,6,8,8-heptamethylnonane","4390-04-9","","","","",226.44,NA,NA,"","","","","",""
"185","1,2-dihydronaphthalene","447-53-0","","","","",130.19,3.74,"EST","","","","","",""
"186","m-cymene","535-77-3","","","","",134.22,4.5,"EXP","","","","","",""
"187","2-methylnonane","871-83-0","","","","",142.28,5.18,"EST","","","","","",""
"188","1,2,3,6,7,8-hexahydropyrene","1732-13-4","","","","",208.3,6.12,"EST","","","","","",""
"189","n-octylcyclohexane","1795-15-9","","","","",196.375,7.03,"EST","","","","","",""
"190","decylcyclohexane","1795-16-0","","","","",224.429,8.01,"EST","","","","","",""
"191","1,3,5-trimethylcyclohexane","1839-63-0","","","","",126.241,NA,NA,"","","","","",""
"192","2,3-dimethylheptane","3074-71-3","","","","",128.26,4.61,"EST","","","","","",""
"193","1,2,3,4,5,6,7,8-octahydrophenanthrene","5325-97-3","","","","",186.296,5.92,"EST","","","","","",""
"194","4-methyldodecane","6117-97-1","","","","",184.3642,NA,NA,"","","","","",""
"195","1,2,3,10b-tetrahydrofluoranthene","20279-21-4","","","","",206.287,NA,NA,"","","","","",""
"196","dodecylbenzene","25265-78-5","","","","",246.435,NA,NA,"","","","","",""
"197","2-methyl-1H-cyclopenta(l)phenanthrene","121254-39-5","","","","",NA,NA,NA,"","","","","",""
"198","5?(H)-androstane","438-22-2","","","","",260.46,6.65,"EST","","","","","",""
"199","fichtelite","2221-95-6","","","","",262.4776,NA,NA,"","","","","",""
"200","2,6,10-trimethyldodecane (96.9%)","3891-98-3","","","","",212.422,NA,NA,"","","","","",""
"201","dehydroabietine (96.7%)","5323-56-8","","","","",NA,NA,NA,"","","","","",""
"202","perhydrofluorene","5744-03-6","","","","",178.31,4.73,"EST","","","","","",""
"203","1,4,6,7-tetramethylnaphthalene","13764-18-6","","","","",184.2804,NA,NA,"","","","","",""
"204","perhydropyrene","16291-77-3","","","","",218.381,NA,NA,"","","","","",""
"205","3-ethylnonane","17302-11-3","","","","",188.312,NA,NA,"","","","","",""
"206","2,2,5,7-tetramethyltetralin","23342-25-8","","","","",188.312,NA,NA,"","","","","",""
"207","2-ethylanthracene","52251-71-5","","","","",206.28,5.85,"EXP","","","","","",""
"208","5,6-dimethyl-1-(4methylpentyl)naphthalene","89219-03-4","","","","",175.23,NA,NA,"","","","","",""
"209","2,2',3,4,4',5,5'-Heptachlorobiphenyl","35065-29-3","","","","1",395.32,8.27,"EST","","","","","",""
"210","2,2',3,4,4',5'-Hexachlorobiphenyl","35065-28-2","","","","1",360.88,7.44,"EXP","","","","","",""
"211","2,2',4,5,5'-Pentachlorobiphenyl","37680-73-2","","","","1",326.43,6.8,"EXP","","","","","",""
"212","2,2',5,5'-Tetrachlorobiphenyl","35693-99-3","","","","1",291.99,6.09,"EXP","","","","","",""
"213","3,3',4-Trichlorobiphenyl","37680-69-6","","","","",257.546,NA,NA,"","","","","",""
"214","2,4,4'-Trichlorobiphenyl","7012-37-5","","","","1",257.54,5.62,"EXP","","","","","",""
"215","2,3,3'-Trichlorobiphenyl","38444-84-7","","","","",257.54,5.57,"EXP","","","","","",""
"216","2,4'-Dichlorobiphenyl","34883-43-7","","","","",223.1,5.09,"EXP","","","","","",""
"217","Phenanthrene","85-01-8","1","1","1","1",178.23,4.46,"EXP","","","","","",""
"218","ORGANOSILICONE","67763-03-5","","","","",NA,NA,NA,"","","","","",""
"219","OXITENO (EMULSIFYING AGENT)","25322-68-3","","","","",44.0526,NA,NA,"","","","","",""
"220","PYRASOSULFURON ETHYL","93697-74-6","","","","",414.39,1.3,"EXP","","","","","",""
"221","TRIFLOXYSULFURON","145099-21-4","","","","",437.3536,NA,NA,"","","","","",""
"222","GLYPHOSATE","1071-83-6","","","","",169.07,-4,"EXP","","","","","",""
"223","INDAZIFLAM","950782-86-2","","","","",301.36,NA,NA,"","","","","",""
"224","Allylbenzene","300-57-2","","","","",118.18,3.23,"EXP","","","","","",""
"225","Cyclopentene","142-29-0","","","","",68.12,2.47,"EST","","","","","",""
"226","cis-1,3-Pentadiene","1574-41-0","","","","",68.12,2.4,"EXP","","","","","",""
"227","Naphtha (petroleum), hydrotreated heavy","64742-48-9","","","","",NA,NA,NA,"","","","","",""
"228","Naphthalene, methyl-","1321-94-4","","","","",143.2079,3.72,"EST","","","","","",""
"229","4,7-Methano-1H-indene, octahydro-","6004-38-2","","","","",136.2364,3.59,"EST","","","","","",""
"230","2-Methylbutane (Butane, 2-methyl-)","78-78-4","","","","",72.15,2.72,"EST","","","","","",""
"231","cis,trans,cis-1,2,4-Trimethylcyclopentane 1.673 wt. %","16883-48-0","","","","",112.214,3.94,"EST","","","","","",""
"232","cis,cis,cis-1,3,5-Trimethylcyclohexane 3.558 wt. %","1795-27-3","","","","",126.2412,4.43,"EST","","","","","",""
"233","cis,trans,trans-1,2,4-Trimethylcyclohexane 3.634 wt. %","1678-80-4","","","","",126.24,NA,NA,"","","","","",""
"234","cis,trans,cis-1,2,4-Trimethylcyclohexane 3.541 wt. %","7667-59-6","","","","",126.24,NA,NA,"","","","","",""
"235","1,1,4-Trimethylcyclohexane 3.68 wt. %","7094-27-1","","","","",126.241,NA,NA,"","","","","",""
"236","1,1,2-Trimethylcyclohexane 3.371 wt. %","7094-26-0","","","","",126.241,4.46,"EST","","","","","",""
"237","Propylcyclopentane 3.677 wt. %","2040-96-2","","","","",112.214,4.08,"EST","","","","","",""
"238","trans-1-Methyl-2-propylcyclohexane 3.289 wt. %","42806-77-9","","","","",NA,NA,NA,"","","","","",""
"239","t-1-Methyl-2-(4MP)cyclopentane 3.795 wt. %","66553-50-2","","","","",NA,NA,NA,"","","","","",""
"240","Methylcyclohexane 5.711 wt. %","108-87-2","","","","",98.19,3.61,"EXP","","","","","",""
"241","Isopropylcyclopentane 3.511 wt. %","3875-51-2","","","","",112.214,4.01,"EST","","","","","",""
"242","Isopropylcyclohexane 5.77 wt. %","696-29-7","","","","",126.24,4.5,"EST","","","","","",""
"243","Isobutylcyclopentane 3.727 wt. %","3788-32-7","","","","",126.241,4.5,"EST","","","","","",""
"244","Isobutylcyclohexane 5.639 wt. %","1678-98-4","","","","",140.271,4.99,"EST","","","","","",""
"245","1-Ethyl-1-methylcyclopentane 1.076 wt. %","16747-50-5","","","","",112.214,4.05,"EST","","","","","",""
"246","Ethylcyclopentane 3.575 wt. %","1640-89-7","","","","",98.19,3.59,"EST","","","","","",""
"247","trans-1,3-Dimethylcyclopentane 2.749 wt. %","1759-58-6","","","","",98.19,3.52,"EST","","","","","",""
"248","cis-1,3-Dimethylcyclopentane .604 wt. %","2532-58-3","","","","",98.1876,3.52,"EST","","","","","",""
"249","trans-1,2-Dimethylcyclopentane 1.468 wt. %","822-50-4","","","","",98.1876,3.52,"EST","","","","","",""
"250","1,1-Dimethylcyclopentane 3.483 wt. %","1638-26-2","","","","",98.1876,3.56,"EST","","","","","",""
"251","trans-1,4-Dimethylcyclohexane 3.557 wt. %","2207-04-7","","","","",112.21,4.01,"EST","","","","","",""
"252","trans-1,2-Dimethylcyclohexane 1.669 wt. %","6876-23-9","","","","",112.21,4.01,"EST","","","","","",""
"253","cis-1,2-Dimethylcyclohexane 3.725 wt. %","2207-01-4","","","","",112.21,4.01,"EST","","","","","",""
"254","n-Butylcyclopentane 3.724 wt. %","2040-95-1","","","","",126.241,4.58,"EST","","","","","",""
"255","Dibenz[a,j]acridine","224-42-0","","","","",279.33,5.63,"EXP","","","","","",""
"256","Benzo[j]fluoranthene","205-82-3","","","","",252.31,6.11,"EST","","","","","",""
"257","Dibenz[a,h]acridine","226-36-8","","","","",279.33,5.73,"EXP","","","","","",""
"258","Dibenzo[a,h]pyrene","192-51-8","","","","",302.375,NA,NA,"","","","","",""
"259","Dibenzo[a,e]pyrene","192-65-4","","","","",302.37,7.28,"EST","","","","","",""
"260","CHLOROFORM","67-66-3","","1","1","1",119.38,1.97,"EXP","","","","","",""
"261","TRICHLOROETHYLENE","79-01-6","","1","1","1",131.39,2.42,"EXP","","","","","",""
"262","HEXACHLOROBUTADIENE","87-68-3","","1","1","",260.76,4.78,"EXP","","","","","",""
"263","DDE, P,P'-","72-55-9","1","1","1","1",318.03,6.51,"EXP","","","","","",""
"264","CHLORDANE","57-74-9","1","1","1","",409.7814,6.16,"EXP","","","","","",""
"265","ACROLEIN","107-02-8","","1","1","1",56.06,-0.01,"EXP","","","","","",""
"266","TOXAPHENE","8001-35-2","","1","1","",NA,5.9,"EXP","","","","","",""
"267","TETRACHLOROETHYLENE","127-18-4","","1","1","1",165.83,3.4,"EXP","","","","","",""
"268","1,2-DIBROMOETHANE","106-93-4","","1","1","",187.86,1.96,"EXP","","","","","",""
"269","1,2-DIBROMO-3-CHLOROPROPANE","96-12-8","","1","1","1",236.33,2.96,"EXP","","","","","",""
"270","CARBON TETRACHLORIDE","56-23-5","","1","1","1",153.82,2.83,"EXP","","","","","",""
"271","AROCLOR 1016","12674-11-2","","1","1","",257.5463,5.69,"EST","","","","","",""
"272","3,3'-DICHLOROBENZIDINE","91-94-1","","1","1","",253.13,3.51,"EXP","","","","","",""
"273","PENTACHLOROBENZENE","608-93-5","","1","1","",250.34,5.17,"EXP","","","","","",""
"274","1,1-DICHLOROETHENE","75-35-4","","1","1","1",96.94,2.13,"EXP","","","","","",""
"275","BIS(2-CHLOROETHYL) ETHER","111-44-4","1","1","1","",143.01,1.29,"EXP","","","","","",""
"276","METHYLENE CHLORIDE","75-09-2","","1","1","1",84.93,1.25,"EXP","","","","","",""
"277","4,4'-METHYLENEBIS(2-CHLOROANILINE)","101-14-4","","1","1","",267.15,3.91,"EXP","","","","","",""
"278","1,2-DICHLOROETHANE","107-06-2","","1","1","1",98.96,1.48,"EXP","","","","","",""
"279","HEXACHLOROCYCLOHEXANE, ALPHA-","319-84-6","","1","1","",290.83,3.8,"EXP","","","","","",""
"280","1,1,1-TRICHLOROETHANE","71-55-6","","1","1","1",133.405,2.49,"EXP","","","","","",""
"281","N-NITROSODI-N-PROPYLAMINE","621-64-7","1","1","1","",130.1896,1.36,"EXP","","","","","",""
"282","CHLOROBENZENE","108-90-7","","1","1","1",112.56,2.84,"EXP","","","","","",""
"283","CHLORDECONE","143-50-0","1","1","1","",490.64,5.41,"EXP","","","","","",""
"284","1,1,2,2-TETRACHLOROETHANE","79-34-5","","1","1","1",167.85,2.39,"EXP","","","","","",""
"285","1,1-DICHLOROETHANE","75-34-3","","1","1","1",98.96,1.79,"EXP","","","","","",""
"286","NALED","300-76-5","1","1","1","1",380.78,1.38,"EXP","","","","","",""
"287","1,1,2-TRICHLOROETHANE","79-00-5","","1","1","1",133.4,1.89,"EXP","","","","","",""
"288","HEXACHLOROCYCLOPENTADIENE","77-47-4","1","1","1","",272.77,5.04,"EXP","","","","","",""
"289","1,2-DIPHENYLHYDRAZINE","122-66-7","1","1","1","",184.24,2.94,"EXP","","","","","",""
"290","1,2-DICHLOROBENZENE","95-50-1","1","1","1","1",147,3.43,"EXP","","","","","",""
"291","1,2-DICHLOROETHENE, TRANS-","156-60-5","","1","1","1",96.94,2.09,"EXP","","","","","",""
"292","CARBON DISULFIDE","75-15-0","","1","1","1",76.14,NA,NA,"","","","","",""
"293","2,4-DIMETHYLPHENOL","105-67-9","1","1","1","",122.16,2.3,"EXP","","","","","",""
"294","ACETONE","67-64-1","","1","1","",58.08,-0.24,"EXP","","","","","",""
"295","HEXACHLOROETHANE","67-72-1","","1","1","1",236.74,4.14,"EXP","","","","","",""
"296","BUTYL BENZYL PHTHALATE","85-68-7","1","1","1","1",312.36,4.73,"EXP","","","","","",""
"297","DICHLORVOS","62-73-7","1","1","1","1",220.98,1.47,"EXP","","","","","",""
"298","N-NITROSODIMETHYLAMINE","62-75-9","1","1","1","",74.08,-0.57,"EXP","","","","","",""
"299","1,2,4-TRICHLOROBENZENE","120-82-1","1","1","1","1",181.45,4.02,"EXP","","","","","",""
"300","BROMOFORM","75-25-2","","1","1","1",252.73,2.4,"EXP","","","","","",""
"301","1,3-DICHLOROBENZENE","541-73-1","1","1","1","1",147,3.53,"EXP","","","","","",""
"302","2,4-DICHLOROPHENOL","120-83-2","1","1","1","1",163,3.06,"EXP","","","","","",""
"303","1,4-DIOXANE","123-91-1","","1","1","",88.11,-0.27,"EXP","","","","","",""
"304","2-BUTANONE","78-93-3","","1","1","",72.11,0.29,"EXP","","","","","",""
"305","1,2-DICHLOROETHYLENE","540-59-0","","1","1","",96.94,2,"EXP","","","","","",""
"306","4-AMINOBIPHENYL","92-67-1","","1","1","",169.22,2.86,"EXP","","","","","",""
"307","BIS(CHLOROMETHYL) ETHER","542-88-1","","1","1","",114.959,0.57,"EST","","","","","",""
"308","DIBROMOCHLOROMETHANE","124-48-1","","1","1","1",208.28,2.16,"EXP","","","","","",""
"309","CRESOLS","1319-77-3","","1","1","",109.1471,1.95,"EXP","","","","","",""
"310","2-CHLOROPHENOL","95-57-8","1","1","1","",128.56,2.15,"EXP","","","","","",""
"311","DIMETHYL FORMAMIDE","68-12-2","1","1","1","1",73.09,-1.01,"EXP","","","","","",""
"312","DIMETHYLANILINE","121-69-7","1","1","1","",121.18,2.31,"EXP","","","","","",""
"313","PENTAERYTHRITOL TETRANITRATE","78-11-5","","1","1","",316.14,2.38,"EST","","","","","",""
"314","ACRYLONITRILE","107-13-1","","1","1","1",53.06,0.25,"EXP","","","","","",""
"315","1,2-DICHLOROETHENE, CIS-","156-59-2","","1","1","1",96.94,1.86,"EXP","","","","","",""
"316","CARBAZOLE","86-74-8","","1","1","",167.21,3.72,"EXP","","","","","",""
"317","1,2,3-TRICHLOROPROPANE","96-18-4","1","1","1","",147.43,2.27,"EXP","","","","","",""
"318","METHYL ISOBUTYL KETONE","108-10-1","","1","1","",100.16,1.31,"EXP","","","","","",""
"319","b-cypermethrin","52315-07-8","1","1","1","1",416.3,6.6,"EXP","","","","","",""
"320","b-cyfluthrin","68359-37-5","1","1","1","1",434.29,5.95,"EXP","","","","","",""
"321","methomyl","16752-77-5","1","1","1","",162.21,0.6,"EXP","","","","","",""
"322","propiconazole","60207-90-1","1","1","1","",342.22,3.72,"EXP","","","","","",""
"323","deltamethrin","52918-63-5","","1","1","1",505.2,6.2,"EXP","","","","","",""
"324","Azobenzene","103-33-3","1","1","1","",182.22,3.82,"EXP","","","","","",""
"325","Tris(2-chloroethyl) phosphate","115-96-8","1","1","1","",285.49,1.44,"EXP","","","","","",""
"326","Acrylamide","79-06-1","1","1","1","1",71.08,-0.67,"EXP","","","","","",""
"327","2-Methyoxyethanol","109-86-4","1","1","1","",76.09,-0.77,"EXP","","","","","",""
"328","Captan","133-06-2","1","1","1","",300.59,2.8,"EXP","","","","","",""
"329","Benzoic acid","65-85-0","1","1","1","",122.12,1.87,"EXP","","","","","",""
"330","Adipic acid","124-04-9","1","1","1","",146.14,0.08,"EXP","","","","","",""
"331","Bis(tributyltin)oxide","56-35-9","","1","1","",596.1,4.05,"EST","","","","","",""
"332","Hexachlorophene","70-30-4","","1","1","",406.9,7.54,"EXP","","","","","",""
"333","17beta-Estradiol","50-28-2","1","1","1","",272.38,4.01,"EXP","","","","","",""
"334","Isophorone","78-59-1","1","1","1","",138.21,1.7,"EXP","","","","","",""
"335","Propargite","2312-35-8","1","1","1","",350.47,5,"EXP","","","","","",""
"336","Ethylene thiourea","96-45-7","1","1","1","1",102.16,-0.66,"EXP","","","","","",""
"337","Chlorothalonil","1897-45-6","1","1","1","",265.91,3.05,"EXP","","","","","",""
"338","Ammonium perchlorate","7790-98-9","","1","1","",117.49,NA,NA,"","","","","",""
"339","HYDRAZINE","302-01-2","","","1","",32.05,NA,NA,"","","","","",""
"340","RDX (Cyclonite)","121-82-4","","","1","",222.12,0.87,"EXP","","","","","",""
"341","NITRATE","14797-55-8","","","1","1",62.004,NA,NA,"","","","","",""
"342","FORMALDEHYDE","50-00-0","","","1","",30.03,0.35,"EXP","","","","","",""
"343","ARSINE","7784-42-1","","","1","1",77.9457,NA,NA,"","","","","",""
"344","AROCLOR 1260","11096-82-5","","1","1","",360.8816,7.55,"EXP","","","","","",""
"345","ENDOSULFAN, ALPHA","959-98-8","","1","1","",406.93,3.83,"EXP","","","","","",""
"346","ENDOSULFAN SULFATE","1031-07-8","","1","1","",422.92,3.66,"EXP","","","","","",""
"347","DDD, O,P'-","53-19-0","","1","1","",320.04,5.87,"EST","","","","","",""
"348","ARSENIC TRIOXIDE","1327-53-3","","1","1","",197.84,NA,NA,"","","","","",""
"349","STROBANE","8001-50-1","","1","1","",377.3521,NA,NA,"","","","","",""
"350","CARBOPHENOTHION","786-19-6","","1","1","",342.87,5.33,"EXP","","","","","",""
"351","4-NITROPHENOL","100-02-7","1","1","1","1",139.11,1.91,"EXP","","","","","",""
"352","2-CHLOROANILINE","95-51-2","","1","1","",127.57,1.9,"EXP","","","","","",""
"353","tetramethrin","7696-12-0","1","1","1","",331.41,4.73,"EXP","","","","","",""
"354","ICI 182,780","129453-61-8","1","1","1","",606.77,NA,NA,"","","","","",""
"355","norethindrone","68-22-4","1","1","1","",298.42,2.97,"EXP","","","","","",""
"356","levonorgestrel","797-63-7","1","1","1","",312.45,NA,NA,"","","","","",""
"357","17b-trenbolone","10161-33-8","1","1","1","",270.37,NA,NA,"","","","","",""
"358","4-androstenedione","63-05-8","1","1","1","",290.44,2.75,"EXP","","","","","",""
"359","cyproterone acetate","427-51-0","1","1","1","",416.94,NA,NA,"","","","","",""
"360","nilutamide","63612-50-0","1","1","1","",317.22,NA,NA,"","","","","",""
"361","mifepristone","84371-65-3","1","1","1","",429.59,NA,NA,"","","","","",""
"362","resveratrol","501-36-0","","1","1","",228.24,3.08,"EST","","","","","",""
"363","finasteride","98319-26-7","","1","1","",372.54,3.03,"EXP","","","","","",""
"364","norethynodrel","68-23-5","","1","1","",298.4234,3.51,"EST","","","","","",""
"365","medroxyprogesterone acetate","71-58-9","","1","1","",386.52,NA,NA,"","","","","",""
"366","19-nortestosterone","434-22-0","","1","1","",274.4,2.62,"EXP","","","","","",""
"367","fluoxymestrone","76-43-7","","1","1","",336.4441,2.38,"EXP","","","","","",""
"368","norethindrone acetate","51-98-9","","1","1","",340.46,3.99,"EST","","","","","",""
"369","testosterone","58-22-0","","1","1","",288.42,3.32,"EXP","","","","","",""
"370","zearalenone","17924-92-4","","1","1","",318.36,3.58,"EST","","","","","",""
"371","bicalutamide","90357-06-5","","1","1","",430.37,NA,NA,"","","","","",""
"372","6-Thioguanine (6-TG)","154-42-7","1","1","1","",167.19,-0.07,"EXP","","","","","",""
"373","Pyrimethamine","58-14-0","1","1","1","",248.71,2.69,"EXP","","","","","",""
"374","2-Octyl-3-isothiazolone","26530-20-1","1","1","1","",213.34,2.45,"EXP","","","","","",""
"375","8-Hydroxyquinoline","148-24-3","1","1","1","",145.16,2.02,"EXP","","","","","",""
"376","Dazomet","533-74-4","1","1","1","",162.28,1.4,"EXP","","","","","",""
"377","Hexamethyl-p-rosaniline chloride","548-62-9","1","1","1","",407.98,0.51,"EXP","","","","","",""
"378","Thalidomide","50-35-1","1","1","1","",258.23,0.33,"EXP","","","","","",""
"379","Tetraethylthiuram disulfide","97-77-8","1","1","1","",296.54,3.88,"EXP","","","","","",""
"380","Saccharin Sodium Salt hydrate","82385-42-0","1","1","1","",205.17,NA,NA,"","","","","",""
"381","Hydroxyurea","127-07-1","1","1","1","",76.05,-1.8,"EXP","","","","","",""
"382","Carbamic acid","55406-53-6","1","1","1","",281.09,NA,NA,"","","","","",""
"383","3,3’,5,5’-Tetrabromobisphenol A","79-94-7","1","1","1","",543.87,7.2,"EST","","","","","",""
"384","Acetylsalicylic acid","50-78-2","1","1","1","",180.16,1.19,"EXP","","","","","",""
"385","Triphenyl phosphate","115-86-6","1","1","1","",326.28,4.59,"EXP","","","","","",""
"386","5-Fluorouracil","51-21-8","1","1","1","",130.08,-0.89,"EXP","","","","","",""
"387","Colchicine","64-86-8","1","1","1","",399.44,1.3,"EXP","","","","","",""
"388","Acetaminophen","103-90-2","1","1","1","",151.16,0.46,"EXP","","","","","",""
"389","Sucrose","57-50-1","1","1","1","",342.3,-3.7,"EXP","","","","","",""
"390","Propyl gallate","121-79-9","1","1","1","",212.2,1.8,"EXP","","","","","",""
"391","Maltol","118-71-8","1","1","1","",126.11,0.09,"EXP","","","","","",""
"392","Citric acid","77-92-9","1","1","1","",192.12,-1.64,"EXP","","","","","",""
"393","Methylparaben","99-76-3","1","1","1","1",152.15,1.96,"EXP","","","","","",""
"394","tert-Butylhydro-quinone (TBHQ)","1948-33-0","1","1","1","",166.22,NA,NA,"","","","","",""
"395","Hexylresorcinol","136-77-6","1","1","1","",194.27,3.45,"EXP","","","","","",""
"396","chlorpromazine Hydrochloride","69-09-0","1","1","1","",355.33,NA,NA,"","","","","",""
"397","2-Amino-4-chlorophenol","95-85-2","","1","1","",143.57,1.81,"EXP","","","","","",""
"398","p-Quinone","106-51-4","","1","1","",108.09,0.2,"EXP","","","","","",""
"399","Triamterene","396-01-0","","1","1","",253.26,0.98,"EXP","","","","","",""
"400","1-Methyl-Alpha-Ionone","7779-30-8","","1","1","",206.331,NA,NA,"","","","","",""
"401","Alizarin Yellow R (Mordant Orange 1)","2243-76-7","","1","1","",287.23,4.76,"EST","","","","","",""
"402","Titanocene dichloride","1271-19-8","","1","1","",248.96,4.64,"EST","","","","","",""
"403","Retinal","116-31-4","","1","1","",284.44,7.6,"EST","","","","","",""
"404","3,4-Dichlorophenyl isocyanate","102-36-3","","1","1","",188.01,3.88,"EST","","","","","",""
"405","verapamil hydrochloride","152-11-4","","1","1","",491.06,NA,NA,"","","","","",""
"406","Nifedipine","21829-25-4","","1","1","",346.33,2.2,"EXP","","","","","",""
"407","amitriptyline hydrochloride","549-18-8","","1","1","",313.86,NA,NA,"","","","","",""
"408","Tricresyl phosphate","1330-78-5","","1","1","",368.36,5.11,"EXP","","","","","",""
"409","tert-Butylphenyl diphenyl phosphate","56803-37-3","","1","1","",383.4016,5.12,"EXP","","","","","",""
"410","Phenol, isopropylated, phosphate (3:1)","68937-41-7","","1","1","",369.3748,NA,NA,"","","","","",""
"411","Manganese, tricarbonyl","12108-13-3","","1","1","",218.09,3.7,"EXP","","","","","",""
"412","Isodecyl diphenyl phosphate","29761-21-5","","1","1","",390.4569,5.44,"EXP","","","","","",""
"413","Dibenz[a,c]anthracene","215-58-7","","1","1","",278.35,6.41,"EXP","","","","","",""
"414","Benzo(e)pyrene","192-97-2","","1","1","",252.31,6.44,"EXP","","","","","",""
"415","Acetic acid, manganese(2+) salt","638-38-0","","1","1","",245.09,-0.58,"EST","","","","","",""
"416","3,3'-Iminodipropionitrile","111-94-4","","1","1","",123.16,-1.34,"EXP","","","","","",""
"417","2- ethylhexyl diphenyl phosphate","1241-94-7","","1","1","",362.4,5.73,"EXP","","","","","",""
"418","Valproic acid sodium salt","1069-66-5","","1","1","",166.19,NA,NA,"","","","","",""
"419","Methyl mercuric (II) chloride","115-09-3","","1","1","",251.08,0.41,"EXP","","","","","",""
"420","mexiletine hydrochloride","5370-01-4","","1","1","",215.72,NA,NA,"","","","","",""
"421","Lignocaine (Lidocaine)","137-58-6","","1","1","",234.34,2.44,"EXP","","","","","",""
"422","diltiazem","42399-41-7","","1","1","",414.523,2.79,"EST","","","","","",""
"423","nitrendipine","39562-70-4","","1","1","",360.36,2.88,"EXP","","","","","",""
"424","loratadine","79794-75-5","","1","1","",382.88,5.2,"EXP","","","","","",""
"425","Xylitol","87-99-0","","1","1","",152.15,-2.56,"EST","","","","","",""
"426","Lisinopril","83915-83-7","","1","1","",441.52,-1.01,"EXP","","","","","",""
"427","Glucono-δ-lactone","90-80-2","","1","1","",178.14,-1.98,"EST","","","","","",""
"428","Atenolol","29122-68-7","","1","1","",266.34,0.16,"EXP","","","","","",""
"429","Aspartame","22839-47-0","","1","1","",294.3,0.07,"EST","","","","","",""
"430","D-Glucitol","50-70-4","","1","1","",182.17,-2.2,"EXP","","","","","",""
"431","Biotin","58-85-5","","1","1","",244.31,0.39,"EST","","","","","",""
"432","Ascorbic acid","50-81-7","","1","1","",176.12,-1.85,"EXP","","","","","",""
"433","ranolazine","95635-55-5","","1","1","",500.46,NA,NA,"","","","","",""
"434","Terfenadine","50679-08-8","","1","1","",471.67,7.62,"EST","","","","","",""
"435","Propafenone","54063-53-5","","1","1","",341.448,3.37,"EST","","","","","",""
"436","Quinine·HCl·2H2O","6119-47-7","","1","1","",396.91,NA,NA,"","","","","",""
"437","ibutilide fumarate","122647-32-9","","1","1","",442.61,NA,NA,"","","","","",""
"438","sotalol hydrochloride","959-24-0","","1","1","",308.82,0.24,"EXP","","","","","",""
"439","moxifloxacin hydrochloride","186826-86-8","","1","1","",437.89,NA,NA,"","","","","",""
"440","lamotrigine","84057-84-1","","1","1","",256.09,NA,NA,"","","","","",""
"441","dofetilide","115256-11-6","","1","1","",441.56,NA,NA,"","","","","",""
"442","Progesterone","57-83-0","1","1","1","",314.46,3.87,"EXP","","","","","",""
"443","Tamoxifen citrate","54965-24-1","1","1","1","",563.64,NA,NA,"","","","","",""
"444","Tamoxifen","10540-29-1","1","1","1","",371.51,6.3,"EST","","","","","",""
"445","4-Hydroxytamoxifen (E/Z)","68392-35-8","1","1","1","",387.51,NA,NA,"","","","","",""
"446","Spironolactone","52-01-7","1","1","1","",416.57,2.78,"EXP","","","","","",""
"447","Procymidone","32809-16-8","1","1","1","",284.14,3.08,"EXP","","","","","",""
"448","Phenobarbital Sodium","57-30-7","1","1","1","",254.22,NA,NA,"","","","","",""
"449","Ketoconazole","65277-42-1","1","1","1","",531.43,4.35,"EXP","","","","","",""
"450","Hydroxyflutamide","52806-53-8","1","1","1","",292.21,2.7,"EXP","","","","","",""
"451","Haloperidol","52-86-8","1","1","1","",375.86,4.3,"EXP","","","","","",""
"452","Flutamide","13311-84-7","1","1","1","",276.21,3.35,"EXP","","","","","",""
"453","Cycloheximide","66-81-9","1","1","1","",281.35,0.55,"EXP","","","","","",""
"454","Corticosterone","50-22-6","1","1","1","",346.46,1.94,"EXP","","","","","",""
"455","p-n-Nonylphenol","104-40-5","1","1","1","",220.35,5.76,"EXP","","","","","",""
"456","Ethylparaben","120-47-8","1","1","1","1",166.17,2.47,"EXP","","","","","",""
"457","17alpha-Methyltestosterone","58-18-4","1","1","1","",302.45,3.36,"EXP","","","","","",""
"458","Genistein","446-72-0","1","1","1","",270.24,2.84,"EST","","","","","",""
"459","Daidzein","486-66-8","1","1","1","1",254.24,2.55,"EST","","","","","",""
"460","Bisphenol B","77-40-7","1","1","1","",242.31,4.13,"EST","","","","","",""
"461","5alpha-Dihydrotestosterone","521-18-6","1","1","1","",290.44,3.55,"EXP","","","","","",""
"462","4-Cumylphenol","599-64-4","1","1","1","",212.29,NA,NA,"","","","","",""
"463","Estrone","53-16-7","1","1","1","",270.37,3.13,"EXP","","","","","",""
"464","4-tert-Octylphenol","140-66-9","1","1","1","1",206.32,5.28,"EST","","","","","",""
"465","17alpha-Estradiol","57-91-0","1","1","1","",272.38,3.94,"EST","","","","","",""
"466","meso-Hexestrol","84-16-2","1","1","1","",270.37,5.6,"EST","","","","","",""
"467","17alpha-Ethinyl estradiol","57-63-6","1","1","1","",296.4,3.67,"EXP","","","","","",""
"468","Kaempferol","520-18-3","","1","1","",286.24,1.96,"EST","","","","","",""
"469","Chrysin","480-40-0","","1","1","",254.24,3.52,"EXP","","","","","",""
"470","Apigenin","520-36-5","","1","1","",270.24,3.02,"EXP","","","","","",""
"471","Methimazole","60-56-0","1","1","1","",114.17,-0.34,"EXP","","","","","",""
"472","Benzophenone 2","131-55-5","1","1","1","",246.22,NA,NA,"","","","","",""
"473","Z-Tetrachlorvinphos","22248-79-9","","1","1","1",365.9631,3.53,"EXP","","","","","",""
"474","Levothyroxine (T4)","51-48-9","","1","1","",776.87,4.12,"EST","","","","","",""
"475","Iopanoic acid","96-83-3","","1","1","",570.93,5.78,"EST","","","","","",""
"476","ARSENIC","7440-38-2","","","","",74.92,NA,NA,"","","","","",""
"477","MERCURY","7439-97-6","","","","1",200.59,NA,NA,"","","","","",""
"478","VINYL CHLORIDE","75-01-4","","","","1",62.5,1.62,"EST","","","","","",""
"479","POLYCYCLIC AROMATIC HYDROCARBONS","130498-29-2","","","","",NA,NA,NA,"","","","","",""
"480","AROCLOR 1254","11097-69-1","","","","",326.4365,6.5,"EXP","","","","","",""
"481","PHOSPHORUS, WHITE","7723-14-0","","","","",30.97,NA,NA,"","","","","",""
"482","AROCLOR 1242","53469-21-9","","","","",260.57,6.34,"EST","","","","","",""
"483","COAL TAR CREOSOTE","8001-58-9","","","","",NA,NA,NA,"","","","","",""
"484","AROCLOR 1248","12672-29-6","","","","",291.9914,6.2,"EXP","","","","","",""
"485","AROCLOR","12767-79-2","","","","",NA,NA,NA,"","","","","",""
"486","CYANIDE","57-12-5","","","","1",26.018,NA,NA,"","","","","",""
"487","HEXACHLOROCYCLOHEXANE, DELTA-","319-86-8","","","","",290.83,4.14,"EXP","","","","","",""
"488","BERYLLIUM","7440-41-7","","","","1",9.01,NA,NA,"","","","","",""
"489","AROCLOR 1221","11104-28-2","","","","",NA,4.65,"EXP","","","","","",""
"490","CIS-CHLORDANE","5103-71-9","","","","",409.78,6.1,"EXP","","","","","",""
"491","ENDRIN KETONE","53494-70-5","","","","",380.91,NA,NA,"","","","","",""
"492","DIBROMOCHLOROPROPANE","67708-83-2","","","","",236.333,NA,NA,"","","","","",""
"493","TRANS-CHLORDANE","5103-74-2","","","","",406.93,6.22,"EXP","","","","","",""
"494","ENDOSULFAN, BETA","33213-65-9","","","","",406.93,3.83,"EST","","","","","",""
"495","CHROMIUM(VI) TRIOXIDE","1333-82-0","","","","",99.99,NA,NA,"","","","","",""
"496","AROCLOR 1232","11141-16-5","","","","",NA,4.4,"EST","","","","","",""
"497","ENDRIN ALDEHYDE","7421-93-4","","","","",380.91,4.8,"EST","","","","","",""
"498","METHANE","74-82-8","","","","",16.04,1.09,"EXP","","","","","",""
"499","2-HEXANONE","591-78-6","","","","",100.16,1.38,"EXP","","","","","",""
"500","BENZOFLUORANTHENE","56832-73-6","","","","",252.315,NA,NA,"","","","","",""
"501","CHROMIUM","7440-47-3","","","","",52,NA,NA,"","","","","",""
"502","AROCLOR 1240","71328-89-7","","","","",NA,NA,NA,"","","","","",""
"503","2,4,6-TRINITROTOLUENE","118-96-7","","","","",227.13,1.6,"EXP","","","","","",""
"504","BROMODICHLOROETHANE","683-53-4","","","","",177.856,NA,NA,"","","","","",""
"505","THIOCYANATE","302-04-5","","","1","1",58.084,NA,NA,"","","","","",""
"506","ASBESTOS","1332-21-4","","","","",NA,NA,NA,"","","","","",""
"507","RADIUM-226","13982-63-3","","","","",226.0254,NA,NA,"","","","","",""
"508","URANIUM","7440-61-1","","","","1",238.03,NA,NA,"","","","","",""
"509","RADIUM","7440-14-4","","","","",226.03,NA,NA,"","","","","",""
"510","THORIUM","7440-29-1","","","","",232.04,NA,NA,"","","","","",""
"511","CHLORINE","7782-50-5","","","","",70.91,NA,NA,"","","","","",""
"512","1,3,5-TRINITROBENZENE","99-35-4","","","","",213.1,1.18,"EXP","","","","","",""
"513","RADON","10043-92-2","","","","",222.02,NA,NA,"","","","","",""
"514","RADIUM-228","15262-20-1","","","","",228,NA,NA,"","","","","",""
"515","THORIUM-230","14269-63-7","","","","",230,NA,NA,"","","","","",""
"516","URANIUM-235","15117-96-1","","","","",235,NA,NA,"","","","","",""
"517","THORIUM-228","14274-82-9","","","","",228,NA,NA,"","","","","",""
"518","URANIUM-234","13966-29-5","","","","",234,NA,NA,"","","","","",""
"519","RADON-222","14859-67-7","","","","",222,NA,NA,"","","","","",""
"520","COAL TARS","8007-45-2","","","","",NA,NA,NA,"","","","","",""
"521","COPPER","7440-50-8","","","","1",63.55,NA,NA,"","","","","",""
"522","CHRYSOTILE ASBESTOS","12001-29-5","","","","",277.11,NA,NA,"","","","","",""
"523","PLUTONIUM-239","15117-48-3","","","","",239,NA,NA,"","","","","",""
"524","POLONIUM-210","13981-52-7","","","","",210,NA,NA,"","","","","",""
"525","PLUTONIUM-238","13981-16-3","","","","",238,NA,NA,"","","","","",""
"526","LEAD-210","14255-04-0","","","","",210,NA,NA,"","","","","",""
"527","AMOSITE ASBESTOS","12172-73-5","","","","",NA,NA,NA,"","","","","",""
"528","STRONTIUM-90","10098-97-2","","","","",90,NA,NA,"","","","","",""
"529","PLUTONIUM","7440-07-5","","","","",239.05,NA,NA,"","","","","",""
"530","RADON-220","22481-48-7","","","","",220,NA,NA,"","","","","",""
"531","AMERICIUM-241","86954-36-1","","","","",241,NA,NA,"","","","","",""
"532","BARIUM","7440-39-3","","","","1",137.33,NA,NA,"","","","","",""
"533","NEPTUNIUM-237","13994-20-2","","","","",237,NA,NA,"","","","","",""
"534","HYDROGEN CYANIDE","74-90-8","","","","",27.0259,-0.25,"EXP","","","","","",""
"535","PLUTONIUM-240","14119-33-6","","","","",240,NA,NA,"","","","","",""
"536","MANGANESE","7439-96-5","","","","1",54.94,NA,NA,"","","","","",""
"537","POLYBROMINATED BIPHENYLS","67774-32-7","","","","",633.635,NA,NA,"","","","","",""
"538","SELENIUM","7782-49-2","","","","1",78.96,NA,NA,"","","","","",""
"539","HEPTACHLORODIBENZO-P-DIOXIN","37871-00-4","","","","",426.317,7.78,"EST","","","","","",""
"540","TRICHLOROFLUOROETHANE","27154-33-2","","","","",153.411,NA,NA,"","","","","",""
"541","BROMINE","7726-95-6","","","","",159.81,NA,NA,"","","","","",""
"542","AROCLOR 1268","11100-14-4","","","","",NA,NA,NA,"","","","","",""
"543","1,3-BUTADIENE","106-99-0","","","","1",54.09,1.99,"EXP","","","","","",""
"544","HEPTACHLORODIBENZOFURAN","38998-75-3","","","","",409.31,NA,NA,"","","","","",""
"545","AMMONIA","7664-41-7","","","","",17.03,NA,NA,"","","","","",""
"546","TRICHLOROETHANE","25323-89-1","","","","",135.421,2.01,"EST","","","","","",""
"547","TETRACHLOROBIPHENYL","26914-33-0","","","","",296.023,6.34,"EST","","","","","",""
"548","OXYCHLORDANE","27304-13-8","","","","1",423.765,5.48,"EST","","","","","",""
"549","PALLADIUM","7440-05-3","","","","",106.42,NA,NA,"","","","","",""
"550","GAMMA-CHLORDENE","56641-38-4","","","","",338.875,5.44,"EXP","","","","","",""
"551","TETRACHLOROPHENOL","25167-83-3","","","","",235.9244,4.09,"EST","","","","","",""
"552","CHLOROETHANE","75-00-3","","","","",64.51,1.43,"EXP","","","","","",""
"553","ALUMINUM","7429-90-5","","","","",26.98,NA,NA,"","","","","",""
"554","CARBON MONOXIDE","630-08-0","","","","",28.01,NA,NA,"","","","","",""
"555","BUTYL METHYL PHTHALATE","34006-76-3","","","","",236.2654,NA,NA,"","","","","",""
"556","CHLOROMETHANE","74-87-3","","","","",50.49,0.91,"EXP","","","","","",""
"557","HEXACHLORODIBENZOFURAN","55684-94-1","","","","",380.9122,NA,NA,"","","","","",""
"558","HYDROGEN SULFIDE","7783-06-4","","","","",34.08,NA,NA,"","","","","",""
"559","DIBENZOFURANS, CHLORINATED","42934-53-2","","","","",203.6472,NA,NA,"","","","","",""
"560","HEXACHLORODIBENZO-P-DIOXIN","34465-46-8","","","","",396.9112,8.21,"EST","","","","","",""
"561","VANADIUM","7440-62-2","","","","",50.94,NA,NA,"","","","","",""
"562","TETRACHLORODIBENZO-P-DIOXIN","41903-57-5","","","","",326.005,6.92,"EST","","","","","",""
"563","PENTACHLORODIBENZOFURAN","30402-15-4","","","","",340.4197,NA,NA,"","","","","",""
"564","PENTACHLORODIBENZO-P-DIOXIN","36088-22-9","","","","",361.4582,6.5,"EXP","","","","","",""
"565","2,3-DIMETHYLNAPHTHALENE","581-40-8","","","","",156.22,4.4,"EXP","","","","","",""
"566","FLUORINE","7782-41-4","","","","",37.996,NA,NA,"","","","","",""
"567","CESIUM-137","10045-97-3","","","","",137,NA,NA,"","","","","",""
"568","CHROMIC ACID","7738-94-5","","","","",118.0078,NA,NA,"","","","","",""
"569","NITRITE","14797-65-0","","","","",46.005,NA,NA,"","","","","",""
"570","POTASSIUM-40","13966-00-2","","","","",40,NA,NA,"","","","","",""
"571","DINITROTOLUENE","25321-14-6","","","","",184.15,2.18,"EST","","","","","",""
"572","COAL TAR PITCH","65996-93-2","","","","",NA,NA,NA,"","","","","",""
"573","SILVER","7440-22-4","","","","",107.87,NA,NA,"","","","","",""
"574","THORIUM-227","15623-47-9","","","","",227,NA,NA,"","","","","",""
"575","ARSENIC ACID","7778-39-4","","","","",141.9417,NA,NA,"","","","","",""
"576","BENZOPYRENE","73467-76-2","","","","",252.315,NA,NA,"","","","","",""
"577","PYRETHRUM","8003-34-7","","1","","",NA,NA,NA,"","","","","",""
"578","ALPHA-CHLORDENE","56534-02-2","","","","",338.875,5.66,"EXP","","","","","",""
"579","URANIUM-233","13968-55-3","","","","",233,NA,NA,"","","","","",""
"580","IODINE-131","10043-66-0","","","","",262,NA,NA,"","","","","",""
"581","SODIUM ARSENITE","7784-46-5","","","","",129.91,NA,NA,"","","","","",""
"582","ANTIMONY","7440-36-0","","","","1",121.76,NA,NA,"","","","","",""
"583","DICHLOROBENZENE","25321-22-6","","","","",148.0115,3.28,"EST","","","","","",""
"584","TETRACHLOROETHANE","25322-20-7","","","","",168.8577,2.19,"EST","","","","","",""
"585","DICHLOROETHANE","1300-21-6","","","","",99.9675,1.83,"EST","","","","","",""
"586","ETHYL ETHER","60-29-7","","","","",74.12,0.89,"EXP","","","","","",""
"587","1,3-DICHLOROPROPENE, CIS-","10061-01-5","","","","",110.97,2.06,"EXP","","","","","",""
"588","1,2,3,4,6,7,8-HEPTACHLORODIBENZO-P-DIOXIN","35822-46-9","","","","1",425.309,8.2,"EXP","","","","","",""
"589","PHOSPHINE","7803-51-2","","","","",34,NA,NA,"","","","","",""
"590","TRICHLOROBENZENE","12002-48-1","","","","",184.4724,3.93,"EST","","","","","",""
"591","FLUORIDE ION","16984-48-8","","","","",18.998,NA,NA,"","","","","",""
"592","1,3-DICHLOROPROPENE, TRANS-","10061-02-6","","","","",110.97,2.03,"EXP","","","","","",""
"593","THALLIUM","7440-28-0","","","","1",204.38,NA,NA,"","","","","",""
"594","stanozolol","10418-03-8","","1","","",328.49,NA,NA,"","","","","",""
"595","methyltrienolone (R1881)","965-93-5","","","","",284.39,NA,NA,"","","","","",""
"596","cabazitaxel","183133-96-2","","","","",835.9383,NA,NA,"","","","","",""
"597","Tartaric acid","526-83-0","","","","",150.085,-1,"EST","","","","","",""
"598","Ranitidine·HCl","66357-59-3","","","","",350.86,NA,NA,"","","","","",""
"599","Leucine","61-90-5","","","","",131.17,-1.52,"EXP","","","","","",""
"600","cisapride monohydrate","260779-88-2","","","","",483.96,NA,NA,"","","","","",""
"601","bepridil hydrochloride","68099-86-5","","","","",403.0065,NA,NA,"","","","","",""
"602","Chloroquine","54-05-7","","","","",319.8774,4.63,"EXP","","","","","",""
"603","Azithromycin","83905-01-5 ","","","","",748.98,NA,NA,"","","","","",""
"604","vernacalant","748810-28-8","","","","",385.9288,NA,NA,"","","","","",""
"605","sematilide","101526-83-4","","","","",367.89,NA,NA,"","","","","",""
"606","quinidine sulfate","50-54-4","","","","",746.921,5.4,"EST","","","","","",""
"607","N-acetylprocainamide","32795-44-1","","","","",277.36,0.99,"EST","","","","","",""
"608","disopyramide phosphate","22059-60-5","","","","",437.47,NA,NA,"","","","","",""
"609","citalopram hydrobromide","59729-33-8","","","","",405.3,3.74,"EST","","","","","",""
"610","Raloxifene","82640-04-8","","","","",510.04,NA,NA,"","","","","",""
"611","Sodium Perchlorate","7601-89-0","","","","",122.44,NA,NA,"","","","","",""
"612","DE-71","189084-62-6","","","","",485.79,NA,NA,"","","","","",""
"613","1,1,4,4,6-pentamethyldecalin (91.2%)","6683-48-3","","","","",202.339,NA,NA,"","","","","",""
"614","butyldecalin","92369-80-7","","","","",194.359,NA,NA,"","","","","",""
